State,District,PC Code,Biometrics verification of farmers,Procurement Center board/Banner,Drinking water facility,Toilet facility,Help Desk,Administrative building,Drainage,Quality Check Room,,Kutcha Floor,Kutcha Floor with Tarpaulin,Brick Flooring,Cement Floor,Not performed,Manual scale without Calibaration Certificate,Manual scale with Calibaration Certificate,Digital Weighing scale without calibration certificate,Digital Weighing scale with calibration certificate,Weighbridge,Not Available,Electricity Connection/Grid energy,Generator,Not available,MSP,Procurement Center operation days and timings,Quality specifications,Duties of Procurement Center officials,Contact details of the officials,Contact details for grievance redressal,List of token generated farmers
Odisha,BALASORE,MY020109,1,0,0,0,0,1,0,0,,0,1,0,0,0,0,0,1,0,0,1,0,0,0,0,0,0,0,0,0,0
Odisha,BALASORE,MY021006,1,1,1,0,1,1,0,0,,1,0,0,0,0,0,0,1,0,0,0,1,0,0,1,1,1,0,1,0,0
Odisha,BARGARH,MY030409,1,1,1,0,0,1,0,0,,0,0,0,1,0,0,0,1,0,0,0,1,0,0,1,1,1,0,1,0,0
Odisha,BOUDH,MY060104,1,1,1,1,1,1,0,0,,0,0,0,1,0,0,0,1,0,0,0,1,0,0,1,1,1,0,0,1,0
Odisha,BOUDH,MY060106,1,1,0,0,0,0,0,0,,0,1,0,0,0,0,0,1,0,0,0,1,0,0,1,1,1,0,0,0,0
Odisha,BOUDH,MY060108,1,1,0,0,1,1,0,0,,0,0,0,1,0,0,0,1,0,0,1,0,0,0,1,1,1,0,0,1,0
Odisha,BOUDH,MY060203,1,1,1,1,1,1,0,1,,0,0,0,1,0,0,0,1,0,0,0,1,0,0,1,1,1,0,0,1,0
Odisha,BOUDH,MY060209,1,0,1,0,1,1,0,0,,0,1,0,0,0,0,0,1,0,0,0,1,0,0,0,0,0,0,0,0,0
Odisha,BOUDH,MY060211,1,0,0,0,0,0,0,1,,0,1,0,0,1,0,0,0,0,0,0,1,0,0,0,0,0,0,0,0,0
Odisha,BOUDH,MY060212,1,1,0,0,0,0,0,0,,0,1,0,0,0,0,0,1,0,0,0,0,0,0,1,1,1,0,0,1,0
Odisha,BOUDH,MY060309,1,1,1,1,1,1,0,1,,0,0,0,1,0,0,0,1,0,0,0,1,0,0,1,1,1,0,0,1,0
Odisha,BOUDH,MY060310,1,1,0,0,1,1,0,0,,0,1,0,0,0,0,0,1,0,0,0,1,0,0,1,1,1,0,0,1,0
Odisha,BOUDH,MY060314,1,0,1,1,1,1,0,0,,0,1,0,0,0,0,0,1,0,0,0,1,0,0,0,0,0,0,0,0,0
Odisha,CUTTACK,MY070105,1,1,0,0,1,1,0,0,,1,0,0,0,0,0,0,1,0,0,0,1,0,0,1,1,1,0,0,0,0
Odisha,KALAHANDI,MY150102,1,0,1,1,0,1,0,0,,0,0,0,1,0,0,0,1,0,0,0,1,0,0,0,0,0,0,0,0,0
Odisha,KEONJHAR,MY180104,1,0,1,0,0,0,0,0,,0,0,0,1,0,0,0,1,0,0,0,0,1,0,0,0,0,0,0,0,0
Odisha,KEONJHAR,MY180306,1,1,1,0,1,1,0,0,,0,0,0,1,0,0,0,1,0,0,0,1,0,0,0,1,0,0,0,0,0
Odisha,KEONJHAR,MY180308,1,0,1,0,1,1,0,0,,0,0,0,1,0,0,0,1,0,0,0,1,0,0,0,0,0,0,0,0,0
Odisha,KEONJHAR,MY181002,1,1,1,0,1,1,0,0,,1,0,0,0,0,0,0,1,0,0,0,1,0,0,1,1,0,0,0,0,0
Odisha,KEONJHAR,MY181106,1,1,1,0,1,1,0,0,,1,0,0,0,0,0,0,1,0,0,0,1,0,0,0,0,1,0,0,1,0
Odisha,KEONJHAR,MY181204,1,0,1,0,1,1,0,0,,0,0,0,1,0,0,0,1,0,0,0,1,0,0,0,0,0,0,0,0,0
Odisha,KEONJHAR,MY181302,1,1,1,0,1,1,0,0,,1,0,0,0,0,0,0,1,0,0,0,1,0,0,1,1,1,0,0,1,0
Odisha,KEONJHAR,MY181303,1,1,1,0,1,1,0,0,,1,0,0,0,0,0,0,1,0,0,1,0,0,0,1,1,0,0,0,0,0
Odisha,MAYURBHANJ,MY220504,1,1,1,0,0,1,0,0,,0,0,0,1,0,0,0,1,0,0,0,1,0,0,1,1,1,0,1,1,0
Odisha,MAYURBHANJ,MY220508,1,1,1,1,1,1,0,0,,0,1,0,0,0,0,0,1,0,0,0,1,0,0,1,1,1,0,1,1,0
Odisha,MAYURBHANJ,MY220803,1,0,1,1,1,1,0,1,,0,0,0,1,0,0,0,1,0,0,1,0,0,0,0,0,0,0,0,0,0
Odisha,MAYURBHANJ,MY221603,1,1,1,0,1,1,0,0,,0,0,0,1,0,0,0,1,0,0,0,1,0,0,0,0,0,1,0,1,0
Odisha,MAYURBHANJ,MY222001,1,1,0,1,1,1,0,0,,0,0,0,1,1,0,0,0,0,0,0,1,0,0,0,0,0,0,1,1,0
Odisha,NAWARANGPUR,MY230503,1,1,1,1,1,0,0,0,,0,1,0,0,0,0,0,1,0,0,0,1,0,0,1,1,1,0,1,1,0
Odisha,NAYAGARH,MY240101,1,1,1,1,1,1,0,0,,0,0,0,1,0,0,0,1,0,0,0,1,0,0,1,0,1,0,0,1,0
Odisha,RAYAGADA,MY270305,1,1,1,1,1,1,0,1,,0,0,0,1,0,0,0,0,1,0,0,1,0,0,1,1,1,0,1,1,0
Odisha,RAYAGADA,MY270509,1,1,1,1,0,1,0,0,,0,0,0,1,0,0,0,0,0,1,0,1,0,0,1,1,1,1,1,1,0
Odisha,RAYAGADA,MY270906,1,0,1,1,1,1,0,1,,0,0,0,1,0,0,0,1,0,1,0,1,0,0,0,0,0,0,0,0,0
Odisha,RAYAGADA,MY271002,1,1,1,1,0,1,0,1,,0,0,0,1,0,0,0,1,0,0,0,1,0,0,1,1,1,1,1,1,0
Odisha,SUNDARGARH,MY300106,1,1,1,1,1,1,0,0,,0,0,0,1,0,0,0,1,0,0,0,1,0,0,1,1,1,0,0,1,0
Odisha,SUNDARGARH,MY300109,1,0,1,1,1,0,0,0,,0,1,0,0,0,0,0,1,0,0,0,1,0,0,0,0,0,0,0,0,0
Odisha,SUNDARGARH,MY300110,1,0,1,1,1,1,0,0,,0,0,0,1,0,0,0,1,0,0,0,1,0,0,0,0,0,0,0,0,0
Odisha,SUNDARGARH,MY300111,1,0,1,1,1,0,0,0,,0,0,0,1,0,0,0,1,0,0,0,1,0,0,0,0,0,0,0,0,0
Odisha,SUNDARGARH,MY300207,1,1,1,1,1,1,0,0,,0,0,0,1,0,0,0,1,0,0,0,1,0,0,1,0,1,0,0,1,0
Odisha,SUNDARGARH,MY300208,1,1,1,1,1,1,0,0,,0,0,0,1,0,0,0,1,0,0,0,1,0,0,1,0,1,0,0,1,0
Odisha,SUNDARGARH,MY300907,1,1,1,1,1,1,0,0,,0,0,0,1,0,0,0,1,0,0,0,1,0,0,1,0,1,0,0,1,0
Odisha,SUNDARGARH,MY300908,1,1,1,1,1,1,0,0,,0,0,0,1,0,0,0,1,0,0,0,1,0,0,1,0,1,0,0,1,0
Odisha,SUNDARGARH,MY300909,1,1,1,1,1,1,0,0,,0,0,0,1,0,0,0,1,0,0,0,1,0,0,1,0,1,0,0,1,0
Odisha,SUNDARGARH,MY300910,1,1,1,1,1,1,0,0,,0,0,0,1,0,0,0,1,0,0,0,1,0,0,1,0,1,0,0,1,0
Odisha,SUNDARGARH,MY300911,1,1,1,1,1,1,0,0,,0,0,0,1,0,0,0,1,0,0,0,1,0,0,1,0,1,0,0,1,0
Odisha,SUNDARGARH,MY301208,1,1,1,1,1,1,0,0,,0,0,0,1,0,0,0,1,0,0,0,1,0,0,1,1,1,0,0,1,0
Odisha,SUNDARGARH,MY301209,1,1,1,1,1,1,0,0,,0,0,0,1,0,0,0,1,0,0,0,1,0,0,1,1,1,0,0,1,0
Odisha,SUNDARGARH,MY301210,1,1,1,1,1,1,0,0,,0,0,0,1,0,0,0,1,0,0,0,1,0,0,1,1,1,0,0,1,0
Odisha,SUNDARGARH,MY301504,1,1,1,1,1,1,0,0,,0,0,0,1,0,0,0,1,0,0,0,1,0,0,1,1,1,0,0,1,0
Odisha,SUNDARGARH,MY301506,1,1,1,1,1,1,0,0,,0,0,0,1,0,0,0,1,0,0,0,1,0,0,1,0,1,0,0,0,0
Odisha,SUNDARGARH,MY301510,1,1,1,1,1,1,1,0,,0,0,0,1,0,0,0,1,0,0,0,1,0,0,1,0,1,0,0,1,0
Odisha,SUNDARGARH,MY301609,1,1,1,1,1,1,0,0,,0,0,0,1,0,0,0,1,0,0,0,1,0,0,1,0,1,0,0,1,0
Odisha,SUNDARGARH,MY301615,1,1,1,1,1,1,0,0,,0,0,0,1,0,0,0,1,0,0,0,1,0,0,1,0,1,0,0,1,0
Odisha,SUNDARGARH,MY301719,1,1,1,1,1,1,0,0,,1,0,0,0,0,0,0,1,0,0,0,1,0,0,1,0,1,0,0,1,0
Odisha,SUNDARGARH,MY302103,1,1,1,1,1,1,0,0,,0,0,0,1,0,0,0,1,0,0,0,1,0,0,1,0,1,0,0,1,0
Odisha,SUNDARGARH,MY302104,1,1,1,1,1,1,0,0,,0,0,0,1,0,0,0,1,0,0,0,1,0,0,1,0,1,0,0,1,0
Odisha,ANGUL,S1010101,1,1,1,1,1,1,0,0,,0,0,0,1,0,0,0,1,0,0,0,1,0,0,1,0,1,0,0,1,0
Odisha,ANGUL,S1010102,1,1,0,1,0,1,0,0,,0,0,0,1,0,0,0,1,0,0,0,1,0,0,1,1,1,0,0,0,0
Odisha,ANGUL,S1010104,1,1,1,1,1,1,0,0,,0,0,0,1,0,0,0,1,0,0,0,1,0,0,1,0,1,0,0,0,0
Odisha,ANGUL,S1010105,1,1,1,1,1,1,0,0,,0,0,0,1,0,0,0,1,0,0,0,1,0,0,1,0,1,0,0,1,0
Odisha,ANGUL,S1010106,1,1,1,1,1,1,0,0,,0,0,0,1,0,0,0,1,0,0,0,1,0,0,1,0,1,0,0,0,0
Odisha,ANGUL,S1010107,1,1,1,1,1,1,0,0,,0,0,0,1,0,0,0,1,0,0,0,1,0,0,0,0,1,0,0,1,0
Odisha,ANGUL,S1010112,1,1,1,1,1,1,0,0,,0,1,0,0,0,0,0,1,0,0,0,1,0,0,1,0,1,0,0,1,0
Odisha,ANGUL,S1010113,1,1,1,1,1,1,0,0,,0,0,0,1,0,0,0,1,0,0,0,1,0,0,1,0,0,0,0,0,0
Odisha,ANGUL,S1010114,1,1,1,1,1,1,0,0,,0,0,0,1,0,0,0,1,0,0,0,1,0,0,1,0,1,0,0,0,0
Odisha,ANGUL,S1010115,1,1,0,1,1,1,0,0,,0,1,0,0,0,0,0,1,0,0,0,1,0,0,1,1,1,0,0,1,0
Odisha,ANGUL,S1010202,1,1,0,0,0,1,0,0,,0,0,0,1,0,0,0,1,0,0,0,1,0,0,1,0,1,0,0,0,0
Odisha,ANGUL,S1010203,1,0,0,0,0,1,0,0,,0,1,0,0,0,0,0,1,0,0,0,1,0,0,0,0,0,0,0,0,0
Odisha,ANGUL,S1010204,1,1,0,0,1,1,0,0,,0,0,0,1,0,0,0,1,0,0,0,1,0,0,1,0,1,0,0,0,0
Odisha,ANGUL,S1010208,1,1,0,0,1,1,0,0,,1,0,0,0,0,0,0,1,0,0,0,1,0,0,1,0,1,0,0,0,0
Odisha,ANGUL,S1010218,1,0,0,1,0,1,0,1,,0,1,0,0,1,0,0,0,0,0,0,1,0,0,0,0,0,0,0,0,0
Odisha,ANGUL,S1010301,1,1,0,0,1,1,0,1,,0,1,0,0,0,0,0,1,0,0,0,1,0,0,1,0,1,0,0,0,0
Odisha,ANGUL,S1010302,1,1,1,0,0,1,0,0,,0,0,0,1,0,0,0,1,0,0,0,1,0,0,1,0,1,0,0,0,0
Odisha,ANGUL,S1010303,1,1,1,1,1,1,0,0,,0,1,0,0,0,0,0,1,0,0,0,1,0,0,1,0,1,0,0,1,0
Odisha,ANGUL,S1010304,1,1,0,1,1,1,0,0,,0,0,0,1,0,0,0,1,0,0,0,1,0,0,1,0,1,0,0,0,0
Odisha,ANGUL,S1010305,1,0,0,0,0,1,0,0,,0,1,0,0,0,0,0,1,0,0,0,1,0,0,0,0,0,0,0,0,0
Odisha,ANGUL,S1010307,1,1,0,0,1,1,0,0,,0,0,0,1,0,0,0,1,0,0,0,1,0,0,0,0,0,1,0,1,0
Odisha,ANGUL,S1010310,1,1,1,1,1,1,0,0,,0,0,0,1,0,0,0,1,0,0,0,1,0,0,0,0,0,1,0,1,0
Odisha,ANGUL,S1010311,1,1,1,1,1,1,0,0,,0,0,0,1,0,0,0,1,0,0,0,1,0,0,1,0,1,0,0,1,0
Odisha,ANGUL,S1010313,1,1,1,0,0,1,0,0,,0,0,0,1,0,0,0,1,0,0,0,1,0,0,1,0,0,0,0,0,0
Odisha,ANGUL,S1010410,1,0,0,1,1,1,0,0,,0,0,0,1,0,0,0,1,0,0,0,1,0,0,0,0,0,0,0,0,0
Odisha,ANGUL,S1010415,1,1,0,1,1,1,0,0,,0,0,0,1,0,0,0,1,0,0,0,1,0,0,1,0,1,0,0,0,0
Odisha,ANGUL,S1010416,1,1,0,1,1,1,0,0,,0,1,0,0,0,0,0,1,0,0,0,1,0,0,1,0,1,0,0,0,0
Odisha,ANGUL,S1010418,1,1,0,0,1,1,0,0,,0,0,0,1,0,0,0,1,0,0,0,1,0,0,1,0,1,0,0,0,0
Odisha,ANGUL,S1010419,1,0,0,1,0,1,0,0,,0,0,0,1,0,0,0,1,0,0,0,1,0,0,0,0,0,0,0,0,0
Odisha,ANGUL,S1010504,1,0,1,1,0,1,0,0,,0,1,0,0,0,0,0,1,0,0,0,1,0,0,0,0,0,0,0,0,0
Odisha,ANGUL,S1010506,1,1,0,1,1,1,0,0,,0,0,0,1,0,0,0,1,0,0,0,1,0,0,1,1,1,0,0,1,0
Odisha,ANGUL,S1010507,1,0,0,1,1,1,0,0,,0,0,0,1,0,0,0,1,0,0,0,1,0,0,0,0,0,0,0,0,0
Odisha,ANGUL,S1010511,1,1,0,0,0,1,0,0,,0,0,0,1,0,0,0,1,0,0,0,1,0,0,1,1,1,0,0,1,0
Odisha,ANGUL,S1010605,1,1,0,1,1,1,0,0,,0,0,0,1,0,0,0,1,0,0,0,1,0,0,1,0,1,0,0,0,0
Odisha,ANGUL,S1010607,1,1,1,1,0,1,0,0,,0,0,0,1,0,0,0,1,0,0,0,1,0,0,1,0,1,0,0,0,0
Odisha,ANGUL,S1010707,1,0,0,0,1,1,0,0,,0,1,0,0,0,0,0,1,0,0,0,1,0,0,0,0,0,0,0,0,0
Odisha,ANGUL,S1010708,1,1,1,1,0,1,0,0,,0,0,0,1,0,0,0,1,0,0,0,1,0,0,1,0,1,0,0,1,0
Odisha,ANGUL,S1010801,1,1,1,0,1,1,0,0,,0,0,0,1,0,0,0,1,0,0,0,1,0,0,0,0,1,0,0,1,0
Odisha,ANGUL,S1010809,1,1,1,1,1,1,0,0,,0,0,0,1,0,0,0,1,0,0,0,1,0,0,1,1,1,0,0,1,0
Odisha,BALASORE,S1020103,1,1,0,0,0,1,0,0,,0,0,0,1,0,0,0,1,0,0,0,1,0,0,1,1,1,0,0,1,0
Odisha,BALASORE,S1020104,1,0,1,1,0,1,0,0,,0,0,0,1,0,0,0,1,0,0,0,1,0,0,0,0,0,0,0,0,0
Odisha,BALASORE,S1020106,1,0,0,0,0,1,0,0,,0,0,0,1,0,0,0,1,0,0,0,1,0,0,0,0,0,0,0,0,0
Odisha,BALASORE,S1020206,1,1,1,0,0,1,0,0,,1,0,0,0,0,0,0,1,0,0,0,1,0,0,1,1,1,0,0,1,0
Odisha,BALASORE,S1020208,1,1,1,1,0,1,0,0,,1,0,0,0,0,0,0,1,0,0,0,1,0,0,1,1,1,0,0,1,0
Odisha,BALASORE,S1020209,1,1,0,0,0,1,0,0,,0,0,0,1,0,0,0,1,0,0,0,1,0,0,1,1,1,0,0,1,0
Odisha,BALASORE,S1020211,1,1,1,0,0,1,0,0,,0,1,0,0,0,0,0,1,0,0,0,0,1,0,1,1,1,0,1,1,0
Odisha,BALASORE,S1020213,1,1,1,1,0,1,0,0,,0,0,0,1,0,0,0,1,0,0,0,1,0,0,1,0,0,0,0,0,0
Odisha,BALASORE,S1020216,1,1,1,1,0,1,0,0,,1,0,0,0,0,0,0,1,0,0,1,0,0,0,1,1,1,0,0,1,0
Odisha,BALASORE,S1020301,1,1,1,1,0,1,0,0,,0,0,0,1,0,0,0,1,0,0,0,1,0,0,1,1,1,0,0,1,0
Odisha,BALASORE,S1020302,1,0,1,1,0,1,0,0,,1,0,0,0,1,0,0,0,0,0,0,1,0,0,0,0,0,0,0,0,0
Odisha,BALASORE,S1020303,1,1,1,1,0,1,0,0,,0,0,0,1,0,0,0,1,0,0,0,1,0,0,1,1,1,0,0,1,0
Odisha,BALASORE,S1020304,1,1,1,1,0,1,0,0,,0,0,0,1,0,0,0,1,0,0,0,1,0,0,1,1,1,0,0,1,0
Odisha,BALASORE,S1020305,1,1,1,1,1,1,0,0,,1,0,0,0,0,0,0,1,0,0,0,1,0,0,1,1,1,0,0,1,0
Odisha,BALASORE,S1020306,1,1,1,1,1,1,0,0,,1,0,0,0,0,0,0,1,0,0,0,1,0,0,1,1,1,0,0,1,0
Odisha,BALASORE,S1020307,1,1,1,1,1,1,0,1,,0,1,0,0,0,0,0,1,0,0,0,1,0,0,1,1,1,0,0,1,0
Odisha,BALASORE,S1020308,1,1,1,1,1,1,0,1,,0,0,0,1,0,0,0,1,0,0,0,1,0,0,1,1,1,0,0,1,0
Odisha,BALASORE,S1020309,1,1,1,1,1,1,0,1,,0,0,0,1,0,0,0,1,0,0,0,1,0,0,1,1,1,0,0,1,0
Odisha,BALASORE,S1020311,1,1,1,0,0,1,0,0,,0,0,0,1,0,0,0,1,0,0,0,1,0,0,1,1,1,0,0,1,0
Odisha,BALASORE,S1020401,1,1,1,1,0,1,0,0,,1,0,0,0,0,0,0,1,0,0,0,1,0,0,1,1,1,0,1,0,0
Odisha,BALASORE,S1020402,1,1,1,1,1,1,0,1,,0,1,0,0,0,0,0,1,0,0,0,1,0,0,1,1,1,0,0,1,0
Odisha,BALASORE,S1020403,1,1,1,1,1,1,0,1,,0,1,0,0,0,0,0,1,0,0,0,1,0,0,1,1,1,0,0,1,0
Odisha,BALASORE,S1020405,1,1,1,1,1,1,0,1,,0,0,0,1,0,0,0,1,0,0,0,1,0,0,1,1,1,0,0,1,0
Odisha,BALASORE,S1020407,1,1,1,1,1,1,0,1,,0,1,0,0,0,0,0,1,0,0,0,1,0,0,1,1,1,0,0,1,0
Odisha,BALASORE,S1020409,1,1,1,1,0,1,0,0,,0,0,0,1,0,0,0,1,0,0,0,1,0,0,1,0,0,0,0,0,0
Odisha,BALASORE,S1020410,1,1,1,1,1,1,0,1,,0,0,0,1,0,0,0,1,0,0,0,1,0,0,1,1,1,0,0,1,0
Odisha,BALASORE,S1020411,1,0,1,1,1,1,0,0,,0,1,0,0,0,0,0,0,1,0,0,1,0,0,0,0,0,0,0,0,0
Odisha,BALASORE,S1020412,1,1,1,1,1,1,1,0,,0,0,0,1,0,0,0,1,0,0,0,1,0,0,1,1,1,0,0,1,0
Odisha,BALASORE,S1020414,1,0,1,1,0,1,0,0,,1,0,0,0,0,0,0,1,0,0,0,1,0,0,0,0,0,0,0,0,0
Odisha,BALASORE,S1020416,1,1,1,1,1,1,1,1,,0,1,0,0,0,0,0,1,0,0,0,1,0,0,1,1,1,0,0,1,0
Odisha,BALASORE,S1020417,1,1,1,1,1,1,0,1,,0,1,0,0,0,0,0,1,0,0,0,1,0,0,1,1,1,0,0,1,0
Odisha,BALASORE,S1020418,1,1,1,1,1,1,1,1,,0,0,0,1,0,0,0,1,0,0,0,1,0,0,1,1,1,0,0,1,0
Odisha,BALASORE,S1020419,1,0,1,1,1,1,1,1,,0,0,0,1,0,0,0,1,0,0,0,1,0,0,0,0,0,0,0,0,0
Odisha,BALASORE,S1020501,1,1,1,1,0,1,0,0,,1,0,0,0,0,0,0,1,0,0,0,1,0,0,1,1,1,0,0,1,0
Odisha,BALASORE,S1020502,1,1,1,1,1,1,1,1,,0,1,0,0,0,0,0,1,0,0,0,1,0,0,1,1,1,0,0,1,0
Odisha,BALASORE,S1020503,1,1,1,1,1,1,0,1,,0,1,0,0,0,0,0,1,0,0,0,1,0,0,1,1,1,0,0,1,0
Odisha,BALASORE,S1020504,1,1,1,1,0,1,0,0,,0,0,0,1,0,0,0,0,1,0,0,1,0,0,1,1,1,0,0,1,0
Odisha,BALASORE,S1020505,1,1,1,1,1,1,0,1,,0,1,0,0,0,0,0,1,0,0,0,1,0,0,1,1,1,0,0,1,0
Odisha,BALASORE,S1020506,1,1,1,1,1,1,0,1,,0,0,0,1,0,0,0,1,0,0,0,1,0,0,1,1,1,0,0,1,0
Odisha,BALASORE,S1020507,1,1,1,1,1,1,0,1,,0,0,0,1,0,0,0,1,0,0,0,1,0,0,1,1,1,0,0,1,0
Odisha,BALASORE,S1020508,1,1,1,1,1,1,0,1,,0,1,0,0,0,0,0,1,0,0,0,1,0,0,1,1,1,0,0,1,0
Odisha,BALASORE,S1020509,1,1,1,1,1,1,0,1,,0,0,0,1,0,0,0,1,0,0,0,1,0,0,1,1,1,0,0,1,0
Odisha,BALASORE,S1020511,1,1,1,1,0,1,0,0,,0,1,0,0,0,0,0,1,0,0,0,1,0,0,1,1,1,0,0,1,0
Odisha,BALASORE,S1020512,1,1,1,0,1,1,0,0,,0,0,0,1,0,0,0,0,1,0,0,1,0,0,1,1,1,0,1,1,0
Odisha,BALASORE,S1020513,1,1,1,0,0,1,0,0,,0,0,0,1,0,0,0,0,1,0,0,1,0,0,1,1,1,0,0,1,0
Odisha,BALASORE,S1020514,1,1,1,1,1,1,0,1,,0,1,0,0,0,0,0,1,0,0,0,1,0,0,1,1,1,0,0,1,0
Odisha,BALASORE,S1020515,1,1,1,1,1,1,0,1,,0,1,0,0,0,0,0,1,0,0,0,1,0,0,1,1,1,0,0,1,0
Odisha,BALASORE,S1020516,1,1,1,0,1,1,0,1,,0,1,0,0,0,0,0,1,0,0,0,1,0,0,1,1,1,0,0,1,0
Odisha,BALASORE,S1020520,1,0,1,1,1,1,0,0,,0,1,0,0,1,0,0,0,0,0,0,1,0,0,0,0,0,0,0,0,0
Odisha,BALASORE,S1020901,1,1,1,1,1,1,0,1,,0,1,0,0,0,0,0,1,0,0,0,1,0,0,1,1,1,0,0,1,0
Odisha,BALASORE,S1020904,1,1,1,0,0,1,0,0,,1,0,0,0,0,0,0,1,0,0,0,1,0,0,1,1,1,0,0,1,0
Odisha,BALASORE,S1020907,1,1,1,0,0,1,0,0,,1,0,0,0,0,0,0,1,0,0,0,1,0,0,1,1,1,0,0,1,0
Odisha,BALASORE,S1020908,1,1,1,1,0,1,0,0,,0,0,0,1,0,0,0,1,0,0,0,1,0,0,1,1,1,0,0,1,0
Odisha,BALASORE,S1020909,1,1,1,1,1,1,0,0,,1,0,0,0,0,0,0,1,0,0,0,1,0,0,1,1,1,0,1,1,0
Odisha,BALASORE,S1020910,1,1,1,0,1,1,0,1,,0,1,0,0,0,0,0,1,0,0,0,1,0,0,1,1,1,0,1,0,0
Odisha,BALASORE,S1020911,1,1,1,0,0,1,0,0,,0,0,0,1,0,0,0,1,0,0,0,1,0,0,1,1,1,0,0,1,0
Odisha,BALASORE,S1021002,1,1,0,0,1,1,0,0,,0,1,0,0,0,0,0,1,0,0,0,1,0,0,1,1,1,0,1,1,0
Odisha,BALASORE,S1021003,1,1,1,1,1,1,0,0,,0,0,0,1,0,0,0,1,0,0,0,1,0,0,1,1,1,0,1,1,0
Odisha,BALASORE,S1021007,1,1,1,1,0,1,0,0,,1,0,0,0,0,0,0,1,0,0,0,1,0,0,1,1,1,0,0,1,0
Odisha,BALASORE,S1021008,1,1,1,1,1,1,0,1,,0,1,0,0,0,0,0,1,0,0,0,1,0,0,1,1,1,0,0,1,0
Odisha,BALASORE,S1021009,1,1,1,1,0,1,0,0,,1,0,0,0,0,0,0,1,0,0,0,1,0,0,1,1,1,0,0,1,0
Odisha,BALASORE,S1021010,1,0,1,0,0,1,0,0,,0,0,0,1,0,0,0,1,0,0,0,1,0,0,0,0,0,0,0,0,0
Odisha,BALASORE,S1021013,1,1,1,0,1,1,0,0,,0,0,0,1,0,0,0,1,0,0,0,1,0,0,1,1,1,0,1,0,0
Odisha,BALASORE,S1021015,1,1,1,0,0,1,0,0,,0,0,0,1,0,0,0,1,0,0,0,1,0,0,1,1,1,0,0,1,0
Odisha,BALASORE,S1021016,1,1,1,0,1,1,0,0,,0,0,0,1,0,0,0,1,0,0,0,1,0,0,1,1,1,0,1,0,0
Odisha,BHADRAK,S1040101,1,1,1,1,1,1,0,0,,0,0,0,1,0,0,0,1,0,0,0,1,0,0,1,1,1,0,0,0,0
Odisha,BHADRAK,S1040106,1,1,1,0,0,0,0,0,,0,1,0,0,0,0,0,1,0,0,1,0,0,0,1,1,1,0,0,1,0
Odisha,BHADRAK,S1040107,1,1,1,0,1,1,0,0,,0,0,0,1,0,0,0,1,0,0,1,0,0,0,1,1,1,0,1,0,0
Odisha,BHADRAK,S1040108,1,0,1,0,0,1,0,0,,0,0,0,1,0,0,0,1,0,0,0,1,0,0,0,0,0,0,0,0,0
Odisha,BHADRAK,S1040110,1,1,0,0,1,1,0,0,,0,0,0,1,0,0,0,1,0,0,0,1,0,0,1,1,1,0,0,1,0
Odisha,BHADRAK,S1040112,1,1,1,0,0,1,0,0,,0,0,0,1,0,0,0,1,0,0,0,1,0,0,0,1,1,0,0,0,0
Odisha,BHADRAK,S1040113,1,0,1,1,1,1,0,0,,0,0,0,1,0,0,0,1,0,0,0,1,0,0,0,0,0,0,0,0,0
Odisha,BHADRAK,S1040114,1,0,0,0,1,1,0,0,,0,0,0,1,0,0,0,1,0,0,0,1,0,0,0,0,0,0,0,0,0
Odisha,BHADRAK,S1040116,1,1,1,1,1,1,0,0,,0,0,0,1,0,0,0,1,0,0,0,1,0,0,1,1,1,0,1,1,0
Odisha,BHADRAK,S1040118,1,1,1,1,0,1,0,0,,0,0,0,1,0,0,0,1,0,0,0,1,0,0,1,1,1,0,0,1,0
Odisha,BHADRAK,S1040205,1,1,1,0,0,1,0,0,,0,0,0,1,0,0,0,1,0,0,0,1,0,0,1,1,1,0,0,1,0
Odisha,BHADRAK,S1040207,1,1,1,1,0,1,0,0,,0,0,0,1,0,0,0,1,0,0,0,1,0,0,0,1,1,0,0,0,0
Odisha,BHADRAK,S1040213,1,1,1,1,0,1,0,0,,1,0,0,0,0,0,0,1,0,0,0,1,0,0,1,1,1,0,0,1,0
Odisha,BHADRAK,S1040214,1,1,1,1,0,1,0,0,,0,0,0,1,0,0,0,1,0,0,0,1,0,0,1,1,1,0,0,1,0
Odisha,BHADRAK,S1040307,1,1,1,1,0,1,0,0,,0,0,0,1,0,0,0,1,0,0,0,1,0,0,1,1,1,0,0,1,0
Odisha,BHADRAK,S1040401,1,1,0,1,0,1,0,0,,0,0,0,1,0,0,0,1,0,0,0,1,0,0,1,1,1,0,0,1,0
Odisha,BHADRAK,S1040402,1,1,1,0,0,1,0,0,,0,0,0,1,0,0,0,1,0,0,0,1,0,0,1,1,1,0,0,1,0
Odisha,BHADRAK,S1040405,1,1,1,0,0,1,0,0,,0,0,0,1,0,0,0,1,0,0,0,1,0,0,0,0,1,0,0,0,0
Odisha,BHADRAK,S1040407,1,1,1,0,0,1,0,0,,0,0,0,1,1,0,0,0,0,0,1,0,0,0,0,1,1,0,0,0,0
Odisha,BHADRAK,S1040410,1,1,1,1,0,1,0,0,,1,0,0,0,0,0,0,1,0,0,0,1,0,0,0,1,1,0,0,0,0
Odisha,BHADRAK,S1040411,1,1,1,1,0,1,0,0,,0,1,0,0,0,0,0,1,0,0,0,1,0,0,1,0,0,0,0,0,0
Odisha,BHADRAK,S1040501,1,1,1,1,0,1,0,0,,0,1,0,0,0,0,0,1,0,0,0,1,0,0,1,1,1,0,1,1,0
Odisha,BHADRAK,S1040508,1,1,1,0,0,1,0,0,,0,0,0,1,0,0,0,1,0,0,0,1,0,0,1,1,1,0,0,1,0
Odisha,BHADRAK,S1040517,1,1,1,1,0,1,0,0,,0,0,0,1,0,0,0,1,0,0,0,1,0,0,1,1,1,0,0,1,0
Odisha,BHADRAK,S1040518,1,1,1,1,1,1,0,0,,0,0,0,1,0,0,0,1,0,0,0,1,0,0,1,1,1,0,0,1,0
Odisha,BHADRAK,S1040520,1,1,1,1,0,1,0,0,,0,0,0,1,0,0,0,1,0,0,0,1,0,0,1,1,1,0,1,1,0
Odisha,BHADRAK,S1040602,1,1,1,0,0,1,0,0,,0,0,0,1,0,0,0,1,0,0,0,1,0,0,1,0,0,0,0,0,0
Odisha,BHADRAK,S1040603,1,1,1,0,0,1,0,0,,0,0,0,1,0,0,0,1,0,0,0,1,0,0,1,1,1,0,0,1,0
Odisha,BHADRAK,S1040605,1,1,1,1,0,1,0,0,,0,0,0,1,0,0,0,1,0,0,0,1,0,0,1,1,1,0,0,1,0
Odisha,BHADRAK,S1040608,1,1,0,0,0,1,0,0,,0,0,0,1,0,0,0,1,0,0,0,1,0,0,1,1,1,0,0,1,0
Odisha,BHADRAK,S1040703,1,1,1,1,0,1,1,0,,0,0,0,1,0,0,0,1,0,0,0,1,0,0,1,1,1,0,0,1,0
Odisha,BHADRAK,S1040704,1,1,1,0,1,1,0,0,,0,0,0,1,0,0,0,1,0,0,0,1,0,0,1,1,1,0,0,1,0
Odisha,BHADRAK,S1040705,1,1,1,1,0,1,0,0,,0,0,0,1,0,0,0,1,0,0,0,1,0,0,1,1,1,0,0,1,0
Odisha,BHADRAK,S1040706,1,1,1,0,1,1,0,0,,0,0,0,1,0,0,0,1,0,0,0,1,0,0,1,1,1,0,0,1,0
Odisha,BHADRAK,S1040707,1,1,1,0,0,1,0,0,,0,0,0,1,0,0,0,1,0,0,0,1,0,0,1,1,1,0,0,1,0
Odisha,BHADRAK,S1040708,1,1,1,1,0,1,0,0,,0,1,0,0,0,0,0,1,0,0,0,1,0,0,1,1,1,0,0,1,0
Odisha,BHADRAK,S1040709,1,1,1,0,0,1,0,0,,0,0,0,1,0,0,0,1,0,0,0,1,0,0,1,0,1,0,0,0,0
Odisha,BHADRAK,S1040710,1,1,1,1,0,1,0,0,,0,1,0,0,0,0,0,1,0,0,0,1,0,0,1,1,1,0,0,1,0
Odisha,BHADRAK,S1040712,1,1,1,1,0,1,0,0,,0,0,0,1,0,0,0,1,0,0,0,1,0,0,1,1,1,0,0,1,0
Odisha,BHADRAK,S1040716,1,0,1,0,0,1,0,0,,1,0,0,0,0,0,0,1,0,0,0,1,0,0,0,0,0,0,0,0,0
Odisha,BOUDH,S1060103,1,1,1,0,1,1,0,1,,0,1,0,0,0,0,0,1,0,0,0,1,0,0,1,1,1,0,0,1,0
Odisha,BOUDH,S1060106,1,1,1,1,1,1,0,1,,0,0,0,1,0,0,0,1,0,0,0,1,0,0,1,1,1,0,0,1,0
Odisha,BOUDH,S1060107,1,0,1,1,1,1,0,0,,0,1,0,0,0,0,0,1,0,0,0,1,0,0,0,0,0,0,0,0,0
Odisha,BOUDH,S1060110,1,0,1,1,1,1,0,1,,0,1,0,0,0,0,0,1,0,0,0,1,0,0,0,0,0,0,0,0,0
Odisha,BOUDH,S1060111,1,1,1,1,1,1,1,1,,0,0,0,1,0,0,0,1,0,0,0,1,0,0,1,1,1,0,0,1,0
Odisha,BOUDH,S1060113,1,1,1,0,1,1,0,0,,0,0,0,1,0,0,0,1,0,0,0,1,0,0,1,1,1,0,0,1,0
Odisha,BOUDH,S1060201,1,1,1,1,1,1,0,1,,0,1,0,0,0,0,0,1,0,0,0,1,0,0,1,1,1,0,0,1,0
Odisha,BOUDH,S1060202,1,1,1,1,1,1,0,1,,0,1,0,0,0,0,0,1,0,0,0,1,0,0,1,1,1,0,0,1,0
Odisha,BOUDH,S1060204,1,1,1,1,1,1,0,1,,0,1,0,0,0,0,0,1,0,0,0,1,0,0,1,0,1,0,0,1,0
Odisha,BOUDH,S1060205,1,1,1,0,1,1,0,1,,0,1,0,0,0,0,0,1,0,0,0,1,0,0,1,0,1,0,0,0,0
Odisha,BOUDH,S1060206,1,1,1,1,1,1,0,1,,0,1,0,0,0,0,0,1,0,0,0,1,0,0,1,1,1,0,0,1,0
Odisha,BOUDH,S1060208,1,1,1,1,1,1,0,1,,0,1,0,0,0,0,0,1,0,0,0,1,0,0,1,1,1,0,0,1,0
Odisha,BOUDH,S1060209,1,1,1,1,1,1,0,1,,0,1,0,0,0,0,0,1,0,0,0,1,0,0,1,1,1,0,0,1,0
Odisha,BOUDH,S1060211,1,0,0,0,1,1,0,0,,1,0,0,0,1,0,0,0,0,0,0,1,0,0,0,0,0,0,0,0,0
Odisha,BOUDH,S1060213,1,1,1,1,1,1,0,1,,0,0,0,1,0,0,0,1,0,0,0,1,0,0,1,1,1,0,0,1,0
Odisha,BOUDH,S1060306,1,1,0,0,1,1,0,0,,0,1,0,0,0,0,0,1,0,0,0,1,0,0,1,1,1,0,0,1,0
Odisha,BOUDH,S1060312,1,1,1,0,1,1,0,1,,0,1,0,0,0,0,0,1,0,0,0,1,0,0,1,1,1,0,0,1,0
Odisha,BOUDH,S1060314,1,0,1,1,1,1,0,0,,0,1,0,0,0,0,0,1,0,0,0,1,0,0,0,0,0,0,0,0,0
Odisha,BOUDH,S1060315,1,0,1,0,1,1,0,0,,0,1,0,0,0,0,0,1,0,0,0,1,0,0,0,0,0,0,0,0,0
Odisha,CUTTACK,S1070101,1,1,1,1,1,1,0,1,,0,1,0,0,0,0,0,1,0,0,0,1,0,0,1,1,1,0,0,1,0
Odisha,CUTTACK,S1070104,1,0,0,1,0,1,0,0,,0,1,0,0,0,0,0,1,0,0,1,0,0,0,0,0,0,0,0,0,0
Odisha,CUTTACK,S1070106,1,1,0,1,1,1,0,0,,0,0,0,1,0,0,0,1,0,0,1,0,0,0,1,1,1,0,0,0,0
Odisha,CUTTACK,S1070108,1,1,0,0,0,1,0,0,,0,1,0,0,0,0,0,1,0,0,0,1,0,0,1,1,1,0,0,1,0
Odisha,CUTTACK,S1070111,1,1,1,0,1,1,0,0,,0,1,0,0,0,0,0,1,0,0,0,1,0,0,1,1,1,0,0,1,0
Odisha,CUTTACK,S1070118,1,0,1,0,1,1,0,0,,0,1,0,0,0,0,0,1,0,0,0,1,0,0,0,0,0,0,0,0,0
Odisha,CUTTACK,S1070120,1,1,1,0,0,1,0,0,,0,1,0,0,0,0,0,1,0,0,0,1,0,0,1,1,1,0,0,1,0
Odisha,CUTTACK,S1070210,1,1,0,0,0,1,0,0,,1,0,0,0,0,0,0,1,0,0,0,1,0,0,0,0,1,0,0,1,0
Odisha,CUTTACK,S1070215,1,1,1,0,0,1,0,1,,0,0,0,1,0,0,0,1,0,0,0,1,0,0,1,0,1,0,0,1,0
Odisha,CUTTACK,S1070217,1,1,1,0,0,1,0,1,,0,0,1,0,0,0,0,1,0,0,1,0,0,0,0,0,1,0,0,1,0
Odisha,CUTTACK,S1070222,1,1,1,0,0,1,0,0,,0,0,0,1,0,0,0,1,0,0,0,1,0,0,1,1,1,0,0,1,0
Odisha,CUTTACK,S1070223,1,1,1,0,0,1,0,0,,1,0,0,0,0,0,0,1,0,0,0,1,0,0,1,1,1,0,0,1,0
Odisha,CUTTACK,S1070224,1,1,0,0,1,1,0,0,,1,0,0,0,0,0,0,1,0,0,0,1,0,0,1,1,1,0,0,1,0
Odisha,CUTTACK,S1070403,1,1,1,1,1,1,0,1,,0,1,0,0,0,0,0,1,0,0,0,1,0,0,1,0,1,0,1,1,0
Odisha,CUTTACK,S1070407,1,1,1,1,1,1,0,0,,0,0,0,1,0,0,0,1,0,0,0,1,0,0,1,1,1,0,1,1,0
Odisha,CUTTACK,S1070501,1,1,1,1,1,1,0,0,,0,1,0,0,0,0,0,1,0,0,1,0,0,0,1,0,1,0,1,0,0
Odisha,CUTTACK,S1070502,1,1,1,1,1,1,0,1,,0,1,0,0,0,0,0,1,0,0,0,1,0,0,1,0,1,0,1,1,0
Odisha,CUTTACK,S1070503,1,1,1,1,0,1,0,0,,0,1,0,0,0,0,0,1,0,0,0,1,0,0,1,0,1,0,1,1,0
Odisha,CUTTACK,S1070505,1,1,1,1,1,1,0,1,,0,1,0,0,0,0,0,1,0,0,0,1,0,0,1,0,1,0,1,0,0
Odisha,CUTTACK,S1070509,1,1,1,1,1,1,0,1,,0,1,0,0,0,0,0,1,0,0,0,1,0,0,1,1,1,0,0,1,0
Odisha,CUTTACK,S1070510,1,1,1,1,0,1,0,0,,1,0,0,0,0,0,0,1,0,0,0,1,0,0,1,0,1,0,0,1,0
Odisha,CUTTACK,S1070607,1,1,0,0,1,1,0,0,,1,0,0,0,0,0,0,1,0,0,0,1,0,0,1,1,1,0,0,1,0
Odisha,CUTTACK,S1070612,1,1,0,0,0,1,0,0,,1,0,0,0,1,0,0,0,0,0,1,0,0,0,0,0,1,0,0,1,0
Odisha,CUTTACK,S1070703,1,1,1,0,0,1,0,0,,0,1,0,0,0,0,0,1,0,0,0,1,0,0,1,0,1,0,1,1,0
Odisha,CUTTACK,S1070707,1,1,1,0,1,1,0,0,,0,1,0,0,0,0,0,1,0,0,0,1,0,0,1,0,1,0,0,0,0
Odisha,CUTTACK,S1070806,1,1,1,0,1,1,0,1,,0,1,0,0,0,0,0,1,0,0,0,1,0,0,1,0,1,0,0,1,0
Odisha,CUTTACK,S1070807,1,1,1,0,1,1,0,0,,0,1,0,0,0,0,0,1,0,0,0,1,0,0,1,1,1,0,0,1,0
Odisha,CUTTACK,S1070810,1,1,1,1,0,1,0,0,,0,1,0,0,0,0,0,1,0,0,0,1,0,0,1,0,1,0,0,1,0
Odisha,CUTTACK,S1070812,1,1,1,0,1,1,0,0,,1,0,0,0,0,0,0,1,0,0,0,1,0,0,1,1,1,0,0,1,0
Odisha,CUTTACK,S1071005,1,1,1,0,1,1,0,1,,0,0,0,1,0,0,0,1,0,0,0,1,0,0,1,0,1,0,0,1,0
Odisha,CUTTACK,S1071006,1,1,1,1,0,1,0,0,,0,1,0,0,0,0,0,1,0,0,0,1,0,0,1,0,1,0,0,1,0
Odisha,CUTTACK,S1071101,1,1,1,1,1,1,0,1,,0,1,0,0,0,0,0,1,0,0,0,1,0,0,1,0,1,0,0,1,0
Odisha,CUTTACK,S1071102,1,1,1,1,1,1,0,1,,0,1,0,0,0,0,0,1,0,0,0,1,0,0,1,0,1,0,0,1,0
Odisha,CUTTACK,S1071104,1,1,1,1,1,1,0,1,,0,1,0,0,0,0,0,1,0,0,0,1,0,0,1,1,1,0,1,1,0
Odisha,CUTTACK,S1071105,1,1,1,1,0,1,0,0,,0,0,1,0,0,0,0,1,0,0,0,1,0,0,1,1,1,0,1,1,0
Odisha,CUTTACK,S1071106,1,1,1,1,1,1,0,1,,0,0,0,1,0,0,0,1,0,0,0,1,0,0,1,0,1,0,0,1,0
Odisha,CUTTACK,S1071108,1,1,1,0,1,1,0,0,,1,0,0,0,0,0,0,1,0,0,0,1,0,0,1,0,1,0,0,1,0
Odisha,CUTTACK,S1071110,1,1,1,1,1,1,0,0,,0,0,0,1,0,0,0,1,0,0,0,1,0,0,1,0,1,0,0,1,0
Odisha,CUTTACK,S1071111,1,1,1,1,1,1,0,0,,0,0,0,1,0,0,0,1,0,0,0,1,0,0,1,1,1,0,1,1,0
Odisha,CUTTACK,S1071113,1,1,1,0,1,1,0,1,,0,1,0,0,0,0,0,1,0,0,0,1,0,0,1,1,1,0,1,1,0
Odisha,CUTTACK,S1071114,1,1,1,0,1,1,0,1,,0,1,0,0,0,0,0,1,0,0,0,1,0,0,1,1,1,0,0,1,0
Odisha,CUTTACK,S1071202,1,1,1,1,0,1,0,0,,1,0,0,0,0,0,0,1,0,0,0,1,0,0,1,0,1,0,0,1,0
Odisha,CUTTACK,S1071204,1,1,1,1,1,1,0,1,,1,0,0,0,0,0,0,1,0,0,0,1,0,0,1,0,1,0,0,1,0
Odisha,CUTTACK,S1071206,1,1,1,1,1,1,0,1,,0,1,0,0,0,0,0,1,0,0,0,1,0,0,1,0,1,0,0,1,0
Odisha,CUTTACK,S1071207,1,1,0,1,0,1,0,0,,0,0,0,1,0,0,0,1,0,0,0,1,0,0,1,1,1,0,0,1,0
Odisha,CUTTACK,S1071302,1,1,1,1,1,1,0,0,,0,0,0,1,0,0,0,1,0,0,0,1,0,0,1,0,1,0,1,1,0
Odisha,CUTTACK,S1071303,1,1,1,1,0,1,0,0,,0,0,0,1,0,0,0,1,0,0,0,1,0,0,1,0,1,0,0,1,0
Odisha,CUTTACK,S1071305,1,1,1,1,1,1,0,0,,0,0,0,1,0,0,0,1,0,0,0,1,0,0,0,0,1,0,0,1,0
Odisha,CUTTACK,S1071307,1,1,1,0,1,1,0,0,,1,0,0,0,0,0,0,1,0,0,1,0,0,0,1,1,1,0,1,1,0
Odisha,CUTTACK,S1071308,1,1,1,0,1,1,0,0,,0,0,0,1,0,0,0,1,0,0,0,1,0,0,1,0,1,0,0,1,0
Odisha,CUTTACK,S1071309,1,1,1,0,1,1,0,0,,1,0,0,0,0,0,0,1,0,0,0,1,0,0,1,0,1,0,0,1,0
Odisha,CUTTACK,S1071312,1,1,1,0,1,1,0,0,,0,0,0,1,0,0,0,1,0,0,1,0,0,0,1,0,1,0,0,1,0
Odisha,CUTTACK,S1071407,1,0,0,0,0,1,0,0,,0,0,0,1,1,0,0,0,0,0,1,0,0,0,0,0,0,0,0,0,0
Odisha,CUTTACK,S1071408,1,0,0,0,0,1,0,0,,1,0,0,0,0,0,0,1,0,0,0,1,0,0,0,0,0,0,0,0,0
Odisha,CUTTACK,S1071501,1,1,1,0,1,1,0,0,,0,0,0,1,0,0,0,1,0,0,1,0,0,0,1,1,1,0,0,1,0
Odisha,CUTTACK,S1071701,1,1,1,0,1,1,0,0,,0,0,0,1,0,0,0,1,0,0,0,1,0,0,1,0,1,0,0,1,0
Odisha,DHENKANAL,S1090103,1,1,1,0,1,1,0,0,,0,1,0,0,0,0,0,1,0,0,0,1,0,0,1,0,1,0,0,1,0
Odisha,DHENKANAL,S1090107,1,0,0,0,0,1,0,0,,0,1,0,0,0,0,0,1,0,0,0,1,0,0,0,0,0,0,0,0,0
Odisha,DHENKANAL,S1090201,1,1,1,1,1,1,0,0,,1,0,0,0,0,0,0,1,0,0,0,1,0,0,1,0,1,0,0,0,0
Odisha,DHENKANAL,S1090202,1,1,1,0,0,1,0,0,,1,0,0,0,0,0,0,1,0,0,1,0,0,0,1,1,1,0,1,0,0
Odisha,DHENKANAL,S1090203,1,1,1,1,1,1,0,0,,0,1,0,0,0,0,0,1,0,0,0,1,0,0,1,1,1,0,1,0,0
Odisha,DHENKANAL,S1090204,1,1,1,1,1,1,0,0,,1,0,0,0,0,0,0,1,0,0,0,1,0,0,1,1,1,0,1,0,0
Odisha,DHENKANAL,S1090208,1,1,0,0,1,1,0,1,,0,1,0,0,0,0,0,1,0,0,0,1,0,0,1,1,1,0,1,0,0
Odisha,DHENKANAL,S1090210,1,1,1,1,1,1,0,0,,1,0,0,0,0,0,0,1,0,0,1,0,0,0,1,1,1,0,0,1,0
Odisha,DHENKANAL,S1090302,1,1,1,0,1,1,0,0,,0,1,0,0,0,0,0,1,0,0,0,1,0,0,1,0,1,0,0,0,0
Odisha,DHENKANAL,S1090303,1,1,0,1,1,1,0,0,,1,0,0,0,0,0,0,1,0,0,0,1,0,0,1,0,1,0,0,1,0
Odisha,DHENKANAL,S1090306,1,1,1,1,1,1,0,1,,0,1,0,0,0,0,0,1,0,0,0,1,0,0,1,1,1,0,1,0,0
Odisha,DHENKANAL,S1090308,1,1,1,0,1,1,0,0,,0,0,0,1,0,0,0,1,0,0,0,1,0,0,1,0,1,0,0,1,0
Odisha,DHENKANAL,S1090309,1,1,1,0,1,1,0,0,,1,0,0,0,0,0,0,1,0,0,0,1,0,0,1,0,1,0,0,0,0
Odisha,DHENKANAL,S1090311,1,1,1,1,1,1,0,0,,0,0,0,1,0,0,0,1,0,0,0,1,0,0,1,0,1,0,0,0,0
Odisha,DHENKANAL,S1090312,1,1,1,1,1,1,0,0,,0,0,0,1,0,0,0,1,0,0,0,1,0,0,1,0,1,0,0,1,0
Odisha,DHENKANAL,S1090313,1,1,1,1,1,1,0,0,,1,0,0,0,0,0,0,1,0,0,0,1,0,0,0,1,1,0,1,1,0
Odisha,DHENKANAL,S1090315,1,1,1,1,1,1,0,0,,0,0,0,1,0,0,0,1,0,0,0,1,0,0,1,0,1,0,0,1,0
Odisha,DHENKANAL,S1090406,1,1,1,1,1,1,0,0,,0,0,0,1,0,0,0,1,0,0,0,1,0,0,1,0,1,0,0,1,0
Odisha,DHENKANAL,S1090407,1,1,0,0,1,1,0,0,,0,0,0,1,0,0,0,1,0,0,0,1,0,0,1,0,1,0,0,1,0
Odisha,DHENKANAL,S1090501,1,1,1,0,1,1,0,0,,0,1,0,0,0,0,0,1,0,0,0,1,0,0,1,0,1,0,0,1,0
Odisha,DHENKANAL,S1090503,1,1,1,0,1,1,0,0,,0,0,0,1,0,0,0,1,0,0,0,1,0,0,1,0,1,0,1,0,0
Odisha,DHENKANAL,S1090504,1,1,1,0,1,1,0,0,,0,1,0,0,0,0,0,1,0,0,0,1,0,0,1,0,1,0,0,1,0
Odisha,DHENKANAL,S1090507,1,1,1,1,1,1,0,0,,1,0,0,0,0,0,0,1,0,0,0,1,0,0,1,0,1,0,1,0,0
Odisha,DHENKANAL,S1090508,1,1,1,1,0,1,0,0,,1,0,0,0,0,0,0,1,0,0,0,1,0,0,1,0,1,0,0,1,0
Odisha,DHENKANAL,S1090603,1,1,1,1,1,1,0,0,,0,1,0,0,0,0,0,1,0,0,0,1,0,0,1,0,1,0,0,1,0
Odisha,DHENKANAL,S1090702,1,1,1,1,1,1,0,0,,0,0,0,1,0,0,0,1,0,0,0,1,0,0,1,0,1,0,0,0,0
Odisha,DHENKANAL,S1090705,1,1,1,1,1,1,0,0,,0,0,0,1,0,0,0,1,0,0,0,1,0,0,1,0,1,0,0,0,0
Odisha,DHENKANAL,S1090706,1,1,1,1,1,1,0,0,,0,0,0,1,0,0,0,1,0,0,0,1,0,0,1,0,1,0,0,1,0
Odisha,DHENKANAL,S1090801,1,0,1,0,1,1,0,0,,0,1,0,0,0,0,0,1,0,0,0,1,0,0,0,0,0,0,0,0,0
Odisha,DHENKANAL,S1090802,1,1,1,1,1,1,0,0,,0,1,0,0,0,0,0,1,0,0,0,1,0,0,1,0,1,0,1,0,0
Odisha,GAJAPATI,S1100102,1,1,1,0,1,1,0,0,,0,0,0,1,0,0,0,1,0,0,0,1,0,0,1,0,0,0,0,0,0
Odisha,GAJAPATI,S1100103,1,1,1,1,1,1,0,1,,0,1,0,0,0,0,0,1,0,0,0,1,0,0,1,0,0,0,0,0,0
Odisha,GAJAPATI,S1100104,1,0,1,0,1,1,0,0,,0,0,0,1,0,0,0,1,0,0,0,1,0,0,0,0,0,0,0,0,0
Odisha,GAJAPATI,S1100106,1,1,1,1,1,1,0,1,,0,0,0,1,0,0,0,1,0,0,0,1,0,0,1,0,1,0,0,1,0
Odisha,GAJAPATI,S1100113,1,1,1,0,1,1,0,0,,0,0,0,1,0,0,0,1,0,0,0,1,0,0,1,0,0,0,0,0,0
Odisha,GAJAPATI,S1100117,1,1,1,1,1,1,0,1,,0,1,0,0,0,0,0,1,0,0,0,1,0,0,1,0,1,0,0,1,0
Odisha,GAJAPATI,S1100119,1,1,1,1,1,1,0,1,,0,0,0,1,0,0,0,1,0,0,0,1,0,0,1,0,1,0,0,1,0
Odisha,GAJAPATI,S1100120,1,0,1,1,1,1,0,1,,0,0,0,1,0,0,0,1,0,0,0,1,0,0,0,0,0,0,0,0,0
Odisha,GAJAPATI,S1100123,1,1,1,1,1,1,0,0,,0,1,0,0,0,0,0,1,0,0,0,1,0,0,0,0,0,1,0,1,0
Odisha,GAJAPATI,S1100133,1,0,1,0,1,1,0,1,,0,0,0,1,0,0,0,1,0,0,0,1,0,0,0,0,0,0,0,0,0
Odisha,GAJAPATI,S1100134,1,0,1,0,1,1,0,1,,0,0,0,1,0,0,0,1,0,0,0,1,0,0,0,0,0,0,0,0,0
Odisha,GAJAPATI,S1100201,1,1,1,1,1,1,0,0,,0,0,0,1,0,0,0,1,0,0,0,1,0,0,1,0,1,0,0,1,0
Odisha,GAJAPATI,S1100308,1,1,1,1,1,1,0,0,,0,0,0,1,0,0,0,1,0,0,0,1,0,0,1,0,1,0,0,1,0
Odisha,GANJAM,S1110104,1,1,1,0,1,1,0,0,,1,0,0,0,0,0,0,1,0,0,0,1,0,0,1,0,1,0,0,1,0
Odisha,GANJAM,S1110115,1,1,0,0,1,1,0,0,,0,1,0,0,0,0,0,1,0,0,0,1,0,0,1,0,0,0,0,1,0
Odisha,GANJAM,S1110122,1,1,1,0,0,1,0,0,,0,1,0,0,0,0,0,1,0,0,0,1,0,0,1,0,1,0,0,1,0
Odisha,GANJAM,S1110127,1,1,1,1,0,1,0,0,,0,0,0,1,0,0,0,1,0,0,0,1,0,0,1,0,1,0,0,1,0
Odisha,GANJAM,S1110129,1,1,1,0,0,1,0,0,,0,0,0,1,0,0,0,1,0,0,0,1,0,0,1,1,1,0,0,1,0
Odisha,GANJAM,S1110203,1,1,1,1,0,1,0,0,,0,1,0,0,0,0,0,1,0,0,0,1,0,0,1,0,1,0,0,1,0
Odisha,GANJAM,S1110214,1,1,0,0,0,1,0,0,,1,0,0,0,0,0,0,1,0,0,0,1,0,0,1,0,1,0,0,1,0
Odisha,GANJAM,S1110215,1,0,1,0,0,1,0,0,,1,0,0,0,0,0,0,1,0,0,0,1,0,0,0,0,0,0,0,0,0
Odisha,GANJAM,S1110304,1,1,1,0,1,1,0,0,,0,1,0,0,0,0,0,1,0,0,0,1,0,0,1,0,1,0,0,1,0
Odisha,GANJAM,S1110311,1,1,0,0,1,1,0,0,,0,1,0,0,0,0,0,1,0,0,0,1,0,0,1,0,1,0,0,0,0
Odisha,GANJAM,S1110312,1,1,1,0,1,1,0,0,,0,1,0,0,0,0,0,1,0,0,0,1,0,0,1,0,1,0,0,1,0
Odisha,GANJAM,S1110317,1,1,1,1,0,1,0,1,,0,1,0,0,0,0,0,1,0,0,0,1,0,0,1,0,1,0,0,1,0
Odisha,GANJAM,S1110320,1,1,1,1,1,1,0,0,,0,0,0,1,0,0,0,1,0,0,0,1,0,0,1,1,1,0,0,1,0
Odisha,GANJAM,S1110405,1,1,1,1,1,1,0,0,,0,1,0,0,0,0,0,1,0,0,0,1,0,0,0,0,1,1,0,1,0
Odisha,GANJAM,S1110411,1,1,1,1,1,1,0,0,,0,1,0,0,0,0,0,1,0,0,0,1,0,0,1,0,1,0,0,1,0
Odisha,GANJAM,S1110412,1,1,1,1,1,1,0,0,,0,0,1,0,0,0,0,1,0,0,0,1,0,0,1,0,1,1,0,1,0
Odisha,GANJAM,S1110413,1,1,0,0,1,1,0,0,,0,1,0,0,0,0,0,1,0,0,0,1,0,0,1,0,1,0,0,1,0
Odisha,GANJAM,S1110414,1,0,1,1,1,1,0,0,,0,1,0,0,1,0,0,0,0,0,0,1,0,0,0,0,0,0,0,0,0
Odisha,GANJAM,S1110415,1,0,0,0,1,1,0,0,,0,1,0,0,0,0,0,1,0,0,0,1,0,0,0,0,0,0,0,0,0
Odisha,GANJAM,S1110416,1,1,0,0,1,1,0,0,,0,1,0,0,0,0,0,1,0,0,0,1,0,0,1,0,1,0,0,1,0
Odisha,GANJAM,S1110417,1,1,1,0,1,1,0,0,,0,0,0,1,0,0,0,1,0,0,0,1,0,0,0,0,1,0,0,1,0
Odisha,GANJAM,S1110418,1,1,1,0,1,1,0,0,,0,0,0,1,0,0,0,1,0,0,0,1,0,0,1,0,1,0,0,1,0
Odisha,GANJAM,S1110419,1,1,1,0,1,1,0,0,,0,1,0,0,0,0,0,1,0,0,0,1,0,0,1,0,0,0,0,0,0
Odisha,GANJAM,S1110421,1,1,1,0,1,1,0,0,,0,1,0,0,0,0,0,1,0,0,0,1,0,0,1,0,1,0,0,1,0
Odisha,GANJAM,S1110422,1,1,1,0,1,1,0,0,,0,1,0,0,0,0,0,1,0,0,0,1,0,0,0,1,0,1,0,1,0
Odisha,GANJAM,S1110503,1,1,1,1,1,1,0,0,,0,1,0,0,0,0,0,1,0,0,0,1,0,0,1,1,1,0,0,1,0
Odisha,GANJAM,S1110504,1,0,1,1,1,1,0,0,,0,1,0,0,0,0,0,1,0,0,0,1,0,0,0,0,0,0,0,0,0
Odisha,GANJAM,S1110505,1,1,1,0,1,1,0,0,,0,0,0,1,0,0,0,1,0,0,0,1,0,0,1,0,1,0,0,1,0
Odisha,GANJAM,S1110510,1,0,0,0,0,1,0,0,,0,1,0,0,0,0,0,1,0,0,0,1,0,0,0,0,0,0,0,0,0
Odisha,GANJAM,S1110511,1,1,1,1,1,1,0,0,,0,1,0,0,0,0,0,1,0,0,0,1,0,0,1,0,1,0,0,1,0
Odisha,GANJAM,S1110512,1,1,1,0,0,1,0,0,,1,0,0,0,0,0,0,1,0,0,0,1,0,0,0,0,1,0,0,1,0
Odisha,GANJAM,S1110513,1,1,0,0,0,1,0,0,,0,1,0,0,0,0,0,1,0,0,0,1,0,0,1,0,1,0,0,1,0
Odisha,GANJAM,S1110514,1,0,1,1,0,1,0,1,,1,0,0,0,0,0,0,1,0,0,0,1,0,0,0,0,0,0,0,0,0
Odisha,GANJAM,S1110516,1,1,0,0,1,1,0,0,,0,1,0,0,0,0,0,1,0,0,0,1,0,0,1,0,1,0,0,1,0
Odisha,GANJAM,S1110601,1,1,1,0,1,1,0,0,,0,1,0,0,0,0,0,1,0,0,0,1,0,0,1,1,1,0,0,1,0
Odisha,GANJAM,S1110604,1,1,1,0,1,1,0,0,,0,1,0,0,0,0,0,1,0,0,0,1,0,0,1,0,1,0,0,1,0
Odisha,GANJAM,S1110607,1,1,1,1,1,1,0,0,,1,0,0,0,0,0,0,1,0,0,0,1,0,0,1,0,1,0,0,0,0
Odisha,GANJAM,S1110609,1,1,1,0,1,1,0,0,,1,0,0,0,0,0,0,1,0,0,0,1,0,0,1,0,1,0,0,1,0
Odisha,GANJAM,S1110610,1,1,1,0,1,1,0,0,,0,1,0,0,0,0,0,1,0,0,1,0,0,0,1,0,1,0,0,1,0
Odisha,GANJAM,S1110612,1,1,1,0,0,1,0,0,,0,0,0,1,0,0,0,1,0,0,0,1,0,0,0,0,1,0,0,1,0
Odisha,GANJAM,S1110614,1,1,1,0,1,1,0,0,,1,0,0,0,0,0,0,1,0,0,0,1,0,0,1,0,1,0,0,0,0
Odisha,GANJAM,S1110615,1,1,1,0,0,0,0,0,,0,1,0,0,0,0,0,1,0,0,1,0,0,0,1,0,1,1,0,0,0
Odisha,GANJAM,S1110808,1,1,1,1,1,1,0,0,,0,1,0,0,0,0,0,1,0,0,1,0,0,0,1,1,1,0,0,1,0
Odisha,GANJAM,S1110813,1,1,1,0,0,1,0,0,,0,0,1,0,0,0,0,1,0,0,1,0,0,0,1,0,1,0,0,1,0
Odisha,GANJAM,S1110819,1,1,1,1,0,1,0,0,,0,0,1,0,0,0,0,1,0,0,1,0,0,0,1,1,1,0,0,1,0
Odisha,GANJAM,S1110824,1,1,1,1,1,1,0,0,,0,0,1,0,0,0,0,1,0,0,1,0,0,0,1,1,1,0,0,1,0
Odisha,GANJAM,S1110825,1,1,1,1,0,1,0,0,,0,0,1,0,0,0,0,1,0,0,1,0,0,0,1,1,1,0,0,1,0
Odisha,GANJAM,S1110902,1,1,1,1,1,1,0,1,,1,0,0,0,0,0,0,1,0,0,0,1,0,0,1,0,0,0,0,0,0
Odisha,GANJAM,S1110909,1,1,1,1,0,1,0,1,,0,0,0,1,0,0,0,1,0,0,0,1,0,0,1,0,1,0,0,1,0
Odisha,GANJAM,S1110917,1,1,1,1,0,1,0,1,,0,1,0,0,0,0,0,1,0,0,0,1,0,0,1,0,1,0,0,0,0
Odisha,GANJAM,S1110918,1,1,1,1,0,1,0,0,,0,0,0,1,0,0,0,1,0,0,0,1,0,0,1,0,1,0,0,1,0
Odisha,GANJAM,S1110919,1,1,1,1,1,1,0,1,,0,1,0,0,0,0,0,1,0,0,0,1,0,0,1,0,1,0,0,1,0
Odisha,GANJAM,S1110921,1,1,0,1,1,1,0,0,,0,0,0,1,0,0,0,1,0,0,0,1,0,0,1,0,1,0,0,1,0
Odisha,GANJAM,S1110925,1,1,0,1,1,1,0,0,,0,1,0,0,0,0,0,1,0,0,0,1,0,0,1,0,1,0,0,0,0
Odisha,GANJAM,S1111003,1,1,1,0,1,1,0,0,,1,0,0,0,0,0,0,1,0,0,0,1,0,0,1,0,1,0,0,0,0
Odisha,GANJAM,S1111004,1,1,1,0,1,1,0,0,,0,1,0,0,0,0,0,1,0,0,0,1,0,0,1,0,0,0,0,0,0
Odisha,GANJAM,S1111005,1,1,0,0,1,1,0,1,,1,0,0,0,0,0,0,1,0,0,0,1,0,0,0,0,1,0,0,1,0
Odisha,GANJAM,S1111010,1,1,1,0,1,1,0,0,,1,0,0,0,0,0,0,1,0,0,0,1,0,0,1,0,1,0,0,0,0
Odisha,GANJAM,S1111012,1,1,1,0,0,1,0,0,,1,0,0,0,0,0,0,1,0,0,1,0,0,0,1,0,1,0,0,0,0
Odisha,GANJAM,S1111017,1,1,0,0,0,1,0,0,,0,1,0,0,0,0,0,1,0,0,1,0,0,0,1,0,1,0,0,0,0
Odisha,GANJAM,S1111102,1,1,0,0,1,1,0,0,,1,0,0,0,0,0,0,1,0,0,0,1,0,0,1,0,1,0,0,0,0
Odisha,GANJAM,S1111105,1,1,1,0,0,1,0,0,,0,1,0,0,0,0,0,1,0,0,0,1,0,0,1,0,1,0,0,0,0
Odisha,GANJAM,S1111108,1,0,1,1,1,1,0,1,,0,0,0,1,0,0,0,1,0,0,0,1,0,0,0,0,0,0,0,0,0
Odisha,GANJAM,S1111112,1,1,1,1,1,1,0,0,,0,1,0,0,0,0,0,1,0,0,0,1,0,0,1,0,1,0,0,1,0
Odisha,GANJAM,S1111117,1,0,1,0,0,1,0,1,,0,1,0,0,0,0,0,1,0,0,0,1,0,0,0,0,0,0,0,0,0
Odisha,GANJAM,S1111118,1,1,1,1,1,1,0,0,,0,0,0,1,0,0,0,1,0,0,0,1,0,0,1,0,0,0,0,0,0
Odisha,GANJAM,S1111119,1,1,0,0,0,1,0,0,,0,0,0,1,0,0,0,1,0,0,0,1,0,0,1,0,1,0,0,0,0
Odisha,GANJAM,S1111120,1,1,1,0,1,1,0,0,,0,0,0,1,0,0,0,1,0,0,0,1,0,0,1,0,1,0,0,0,0
Odisha,GANJAM,S1111202,1,1,1,0,1,1,0,0,,0,1,0,0,0,0,0,1,0,0,0,1,0,0,1,1,1,0,0,1,0
Odisha,GANJAM,S1111205,1,1,1,0,0,1,0,0,,0,1,0,0,0,0,0,1,0,0,0,1,0,0,1,0,1,0,0,1,0
Odisha,GANJAM,S1111207,1,1,1,0,1,1,0,0,,0,1,0,0,0,0,0,1,0,0,0,1,0,0,1,0,0,0,0,0,0
Odisha,GANJAM,S1111218,1,1,0,0,0,1,0,0,,0,1,0,0,0,0,0,1,0,0,0,1,0,0,1,0,1,0,0,1,0
Odisha,GANJAM,S1111219,1,1,1,1,1,1,0,0,,0,1,0,0,0,0,0,1,0,0,0,1,0,0,1,0,0,0,0,0,0
Odisha,GANJAM,S1111223,1,1,1,0,1,1,0,0,,0,1,0,0,0,0,0,1,0,0,0,1,0,0,0,0,0,1,0,1,0
Odisha,GANJAM,S1111224,1,1,0,0,1,1,0,0,,0,0,0,1,0,0,0,1,0,0,0,1,0,0,1,0,0,0,0,0,0
Odisha,GANJAM,S1111226,1,1,1,0,0,1,0,0,,0,1,0,0,0,0,0,1,0,0,0,1,0,0,1,1,1,1,0,1,0
Odisha,GANJAM,S1111227,1,0,0,0,0,1,0,0,,0,1,0,0,0,0,0,1,0,0,0,1,0,0,0,0,0,0,0,0,0
Odisha,GANJAM,S1111302,1,1,1,1,0,1,0,0,,0,1,0,0,0,0,0,1,0,0,0,1,0,0,1,0,1,0,0,0,0
Odisha,GANJAM,S1111304,1,0,0,0,1,1,0,0,,0,1,0,0,0,0,0,1,0,0,0,1,0,0,0,0,0,0,0,0,0
Odisha,GANJAM,S1111305,1,1,1,0,0,1,0,0,,0,1,0,0,0,0,0,1,0,0,0,1,0,0,1,0,1,0,0,0,1
Odisha,GANJAM,S1111308,1,0,1,1,0,1,0,0,,0,1,0,0,0,0,0,1,0,0,0,1,0,0,0,0,0,0,0,0,0
Odisha,GANJAM,S1111314,1,1,1,1,1,1,0,0,,0,0,0,1,0,0,0,1,0,0,0,1,0,0,1,0,1,0,0,0,0
Odisha,GANJAM,S1111510,1,1,1,1,1,1,0,0,,0,0,0,1,0,0,0,1,0,0,0,1,0,0,1,0,1,0,0,1,0
Odisha,GANJAM,S1111511,1,1,1,1,1,1,0,0,,0,0,0,1,0,0,0,1,0,0,0,1,0,0,1,0,1,0,0,1,0
Odisha,GANJAM,S1111520,1,1,0,1,1,1,0,0,,0,0,0,1,0,0,0,1,0,0,0,1,0,0,1,0,1,0,0,0,0
Odisha,GANJAM,S1111701,1,1,1,0,1,1,0,0,,0,1,0,0,0,0,0,1,0,0,0,1,0,0,0,0,1,1,0,1,0
Odisha,GANJAM,S1111703,1,1,1,0,1,1,0,0,,0,1,0,0,0,0,0,1,0,0,0,1,0,0,0,0,1,0,0,1,0
Odisha,GANJAM,S1111705,1,1,1,0,1,1,0,0,,0,0,0,1,0,0,0,1,0,0,0,1,0,0,1,0,1,0,0,0,0
Odisha,GANJAM,S1111706,1,1,1,0,1,1,0,0,,0,0,0,1,0,0,0,1,0,0,0,1,0,0,1,0,1,0,0,0,0
Odisha,GANJAM,S1111707,1,1,1,0,1,1,0,0,,0,1,0,0,0,0,0,1,0,0,0,1,0,0,1,0,1,0,0,0,0
Odisha,GANJAM,S1111708,1,0,1,1,1,1,0,0,,0,1,0,0,0,0,0,1,0,0,0,1,0,0,0,0,0,0,0,0,0
Odisha,GANJAM,S1111709,1,1,1,0,0,1,0,0,,0,0,0,1,0,0,0,1,0,0,0,1,0,0,0,0,1,1,0,1,0
Odisha,GANJAM,S1111710,1,1,1,0,1,1,0,0,,0,1,0,0,0,0,0,1,0,0,0,1,0,0,1,0,1,0,0,1,0
Odisha,GANJAM,S1111711,1,0,1,1,1,1,0,0,,0,0,0,1,0,0,0,1,0,0,0,1,0,0,0,0,0,0,0,0,0
Odisha,GANJAM,S1111714,1,1,1,0,1,1,0,0,,0,1,0,0,0,0,0,1,0,0,0,1,0,0,1,0,1,0,0,0,0
Odisha,GANJAM,S1111715,1,0,1,0,1,1,0,0,,1,0,0,0,0,0,0,1,0,0,0,1,0,0,0,0,0,0,0,0,0
Odisha,GANJAM,S1111802,1,1,1,0,1,1,0,0,,0,1,0,0,0,0,0,1,0,0,0,1,0,0,1,0,1,0,0,0,0
Odisha,GANJAM,S1111807,1,1,1,0,0,1,0,0,,0,0,1,0,0,0,0,1,0,0,0,1,0,0,1,0,1,0,0,0,0
Odisha,GANJAM,S1111809,1,1,1,0,1,1,0,0,,0,1,0,0,0,0,0,1,0,0,0,1,0,0,1,0,1,0,0,1,0
Odisha,GANJAM,S1111810,1,1,1,1,1,1,0,0,,0,0,0,1,0,0,0,1,0,0,0,1,0,0,1,0,1,0,0,0,1
Odisha,GANJAM,S1111813,1,0,1,0,1,1,0,0,,0,1,0,0,0,0,0,1,0,0,0,1,0,0,0,0,0,0,0,0,0
Odisha,GANJAM,S1112018,1,1,1,0,1,1,0,1,,0,1,0,0,0,0,0,1,0,0,0,1,0,0,1,0,1,0,0,1,0
Odisha,GANJAM,S1112024,1,1,1,0,1,1,0,0,,0,1,0,0,0,0,0,1,0,0,0,1,0,0,1,0,1,0,0,0,0
Odisha,GANJAM,S1112026,1,1,1,0,1,1,0,0,,1,0,0,0,0,0,0,1,0,0,0,1,0,0,1,0,1,0,0,1,0
Odisha,GANJAM,S1112028,1,1,1,0,1,1,0,0,,0,1,0,0,0,0,0,1,0,0,1,0,0,0,1,0,1,0,0,1,0
Odisha,GANJAM,S1112104,1,0,1,1,0,1,0,0,,1,0,0,0,0,0,0,1,0,0,1,0,0,0,0,0,0,0,0,0,0
Odisha,GANJAM,S1112111,1,1,1,0,1,1,0,0,,0,1,0,0,0,0,0,1,0,0,1,0,0,0,1,0,1,0,0,1,0
Odisha,GANJAM,S1112115,1,1,0,0,1,1,0,0,,1,0,0,0,0,0,0,1,0,0,1,0,0,0,1,0,1,0,0,1,0
Odisha,GANJAM,S1112119,1,0,0,0,0,1,0,0,,1,0,0,0,0,0,0,1,0,0,0,1,0,0,0,0,0,0,0,0,0
Odisha,GANJAM,S1112120,1,1,1,0,1,1,0,0,,0,1,0,0,0,0,0,1,0,0,0,1,0,0,1,1,1,0,0,1,0
Odisha,GANJAM,S1112122,1,1,0,0,1,1,0,0,,0,1,0,0,0,0,0,1,0,0,1,0,0,0,1,0,0,0,0,0,0
Odisha,GANJAM,S1112201,1,1,1,0,1,1,0,0,,0,1,0,0,0,0,0,1,0,0,0,1,0,0,1,1,1,0,0,1,0
Odisha,GANJAM,S1112401,1,1,1,1,1,1,0,1,,0,1,0,0,0,0,0,1,0,0,0,1,0,0,1,0,1,0,0,1,0
Odisha,GANJAM,S1112701,1,1,1,1,1,1,0,0,,0,0,0,1,0,0,0,1,0,0,0,1,0,0,1,0,1,0,0,1,0
Odisha,GANJAM,S1113301,1,1,0,1,1,1,0,0,,0,0,0,1,0,0,0,1,0,0,0,1,0,0,1,0,1,0,0,0,0
Odisha,GANJAM,S1113801,1,1,1,0,1,1,0,0,,0,0,0,1,0,0,0,1,0,0,0,1,0,0,1,0,1,0,0,0,1
Odisha,JAGATSINGHPUR,S1120102,1,1,1,0,0,0,0,0,,1,0,0,0,0,0,0,1,0,0,0,1,0,0,0,0,1,0,1,0,0
Odisha,JAGATSINGHPUR,S1120104,1,1,1,1,0,1,0,0,,0,1,0,0,0,0,0,1,0,0,0,1,0,0,0,1,1,0,1,0,0
Odisha,JAGATSINGHPUR,S1120105,1,1,1,0,0,0,0,0,,0,1,0,0,0,0,0,1,0,0,1,0,0,0,0,1,1,0,1,0,0
Odisha,JAGATSINGHPUR,S1120108,1,1,1,0,0,1,0,0,,0,1,0,0,0,0,0,1,0,0,1,0,0,0,0,1,1,0,1,0,0
Odisha,JAGATSINGHPUR,S1120109,1,1,1,1,1,1,0,0,,0,0,0,1,0,0,0,1,0,0,0,1,0,0,0,1,1,0,1,0,1
Odisha,JAGATSINGHPUR,S1120110,1,1,1,0,1,1,0,0,,1,0,0,0,0,0,0,1,0,0,1,0,0,0,0,1,1,0,1,0,0
Odisha,JAGATSINGHPUR,S1120111,1,1,1,1,0,1,0,1,,0,0,0,1,0,0,0,1,0,0,0,1,0,0,0,1,1,0,1,0,0
Odisha,JAGATSINGHPUR,S1120112,1,1,0,0,0,1,0,0,,0,0,0,1,0,0,0,1,0,0,0,1,0,0,0,1,1,0,1,0,1
Odisha,JAGATSINGHPUR,S1120114,1,1,1,0,1,1,0,0,,0,1,0,0,0,0,0,1,0,0,0,1,0,0,1,1,1,0,1,0,0
Odisha,JAGATSINGHPUR,S1120115,1,1,1,0,1,1,0,0,,0,0,0,1,0,0,0,1,0,0,0,1,0,0,1,1,1,0,1,0,0
Odisha,JAGATSINGHPUR,S1120118,1,0,0,0,0,1,0,0,,1,0,0,0,0,0,0,1,0,0,0,1,0,0,0,0,0,0,0,0,0
Odisha,JAGATSINGHPUR,S1120121,1,1,1,0,0,1,0,0,,0,1,0,0,0,0,0,1,0,0,1,0,0,0,0,1,1,0,1,0,1
Odisha,JAGATSINGHPUR,S1120201,1,0,1,0,0,1,0,0,,0,0,0,1,0,0,0,1,0,0,0,1,0,0,0,0,0,0,0,0,0
Odisha,JAGATSINGHPUR,S1120202,1,1,1,1,0,1,0,0,,0,0,0,1,0,0,0,1,0,0,0,1,0,0,0,1,1,0,1,0,0
Odisha,JAGATSINGHPUR,S1120203,1,1,1,1,0,1,0,0,,0,0,0,1,0,0,0,1,0,0,0,1,0,0,0,1,1,0,1,0,0
Odisha,JAGATSINGHPUR,S1120205,1,1,0,0,0,1,0,0,,0,0,0,1,0,0,0,1,0,0,0,1,0,0,0,1,1,0,1,0,0
Odisha,JAGATSINGHPUR,S1120206,1,1,1,0,0,1,0,0,,0,0,0,1,0,0,0,1,0,0,0,1,0,0,0,1,1,0,1,0,0
Odisha,JAGATSINGHPUR,S1120302,1,1,1,1,0,1,0,0,,0,1,0,0,0,0,0,1,0,0,0,1,0,0,1,1,1,0,0,0,0
Odisha,JAGATSINGHPUR,S1120304,1,1,1,0,1,1,0,0,,0,1,0,0,0,0,0,1,0,0,0,1,0,0,1,1,1,0,0,0,0
Odisha,JAGATSINGHPUR,S1120306,1,1,1,1,1,1,0,0,,0,1,0,0,0,0,0,1,0,0,1,0,0,0,1,1,1,0,0,0,0
Odisha,JAGATSINGHPUR,S1120307,1,1,1,1,0,1,0,0,,0,0,0,1,0,0,0,1,0,0,1,0,0,0,1,1,1,0,0,0,0
Odisha,JAGATSINGHPUR,S1120403,1,0,1,0,0,1,0,1,,0,0,0,1,0,0,0,1,0,0,0,1,0,0,0,0,0,0,0,0,0
Odisha,JAGATSINGHPUR,S1120405,1,1,1,0,0,1,0,0,,0,1,0,0,0,0,0,1,0,0,0,1,0,0,0,1,1,0,1,0,0
Odisha,JAGATSINGHPUR,S1120406,1,1,1,0,0,1,0,0,,0,1,0,0,0,0,0,1,0,0,0,1,0,0,0,1,1,0,1,0,0
Odisha,JAGATSINGHPUR,S1120413,1,0,1,0,1,1,0,0,,0,0,0,1,0,0,0,1,0,0,0,1,0,0,0,0,0,0,0,0,0
Odisha,JAGATSINGHPUR,S1120415,1,1,1,0,0,1,0,0,,1,0,0,0,0,0,0,1,0,0,0,1,0,0,0,1,1,0,1,1,0
Odisha,JAGATSINGHPUR,S1120505,1,0,1,0,0,1,0,0,,0,0,0,1,0,0,0,1,0,0,0,1,0,0,0,0,0,0,0,0,0
Odisha,JAGATSINGHPUR,S1120508,1,1,1,1,0,1,0,0,,1,0,0,0,0,0,0,1,0,0,0,1,0,0,1,1,1,0,0,0,1
Odisha,JAGATSINGHPUR,S1120510,1,1,1,1,0,1,0,0,,0,1,0,0,0,0,0,1,0,0,1,0,0,0,1,1,1,0,0,0,0
Odisha,JAGATSINGHPUR,S1120511,1,1,1,1,0,1,0,0,,0,1,0,0,0,0,0,1,0,0,0,1,0,0,1,1,1,0,0,0,1
Odisha,JAGATSINGHPUR,S1120512,1,1,1,0,0,1,0,0,,1,0,0,0,0,0,0,1,0,0,0,1,0,0,1,1,1,0,0,0,0
Odisha,JAGATSINGHPUR,S1120601,1,1,1,0,0,1,0,0,,0,0,0,1,0,0,0,1,0,0,0,1,0,0,0,1,1,0,1,0,0
Odisha,JAGATSINGHPUR,S1120603,1,1,1,0,0,1,0,0,,0,0,0,1,0,0,0,1,0,0,1,0,0,0,0,1,1,0,1,1,0
Odisha,JAGATSINGHPUR,S1120605,1,1,1,0,0,1,0,0,,0,0,0,1,0,0,0,1,0,0,0,1,0,0,0,1,1,0,1,0,0
Odisha,JAGATSINGHPUR,S1120606,1,1,1,0,0,1,0,0,,0,1,0,0,0,0,0,1,0,0,0,1,0,0,0,1,1,0,1,1,0
Odisha,JAGATSINGHPUR,S1120701,1,1,1,0,0,0,0,0,,0,1,0,0,0,0,0,1,0,0,0,1,0,0,0,1,1,0,1,0,1
Odisha,JAGATSINGHPUR,S1120702,1,1,1,0,0,0,0,0,,0,0,0,1,0,0,0,1,0,0,0,1,0,0,0,1,1,0,1,0,0
Odisha,JAGATSINGHPUR,S1120703,1,1,1,0,0,1,0,1,,0,0,0,1,0,0,0,1,0,0,0,1,0,0,0,1,1,0,1,0,1
Odisha,JAGATSINGHPUR,S1120704,1,1,1,0,1,1,0,0,,0,0,0,1,0,0,0,1,0,0,0,1,0,0,0,1,1,0,1,0,0
Odisha,JAGATSINGHPUR,S1120705,1,1,1,0,0,1,0,0,,0,0,0,1,0,0,0,1,0,0,0,1,0,0,0,0,1,0,1,0,0
Odisha,JAGATSINGHPUR,S1120706,1,1,1,0,0,1,0,0,,0,0,0,1,0,0,0,1,0,0,0,1,0,0,0,1,1,0,1,0,0
Odisha,JAGATSINGHPUR,S1120802,1,0,1,0,0,1,0,0,,0,0,0,1,0,0,0,1,0,0,0,1,0,0,0,0,0,0,0,0,0
Odisha,JAGATSINGHPUR,S1120804,1,1,1,0,0,0,0,0,,0,1,0,0,0,0,0,1,0,0,0,1,0,0,0,1,1,0,1,0,0
Odisha,JAGATSINGHPUR,S1120805,1,1,1,0,0,1,0,0,,0,1,0,0,0,0,0,1,0,0,1,0,0,0,0,1,1,0,1,0,0
Odisha,JAGATSINGHPUR,S1120807,1,1,1,1,0,1,0,1,,0,1,0,0,0,0,0,1,0,0,0,1,0,0,0,1,1,0,1,0,1
Odisha,JAGATSINGHPUR,S1120808,1,1,1,0,0,1,0,1,,0,0,0,1,0,0,0,1,0,0,0,1,0,0,0,0,1,0,1,0,0
Odisha,JAGATSINGHPUR,S1120810,1,1,1,0,0,1,0,0,,1,0,0,0,0,0,0,1,0,0,0,1,0,0,0,1,1,0,1,0,0
Odisha,JAGATSINGHPUR,S1120812,1,1,1,0,0,1,0,1,,0,0,0,1,0,0,0,1,0,0,0,1,0,0,0,1,1,0,1,0,0
Odisha,JAGATSINGHPUR,S1120813,1,1,1,0,0,1,0,0,,0,0,0,1,0,0,0,1,0,0,0,0,1,0,0,1,1,0,1,0,1
Odisha,JAGATSINGHPUR,S1120814,1,1,1,0,0,0,0,0,,0,0,0,1,0,0,0,1,0,0,0,1,0,0,0,1,1,0,1,0,1
Odisha,JAGATSINGHPUR,S1120815,1,0,1,0,0,1,0,0,,0,1,0,0,0,0,0,1,0,0,0,1,0,0,0,0,0,0,0,0,0
Odisha,JAJPUR,S1130101,1,1,1,1,0,1,0,1,,0,0,0,1,0,0,0,1,0,0,0,1,0,0,1,0,1,0,0,1,0
Odisha,JAJPUR,S1130102,1,1,1,0,1,1,0,0,,0,1,0,0,0,0,0,1,0,0,0,1,0,0,1,0,1,0,0,1,0
Odisha,JAJPUR,S1130104,1,1,1,0,1,1,0,1,,0,1,0,0,0,0,0,1,0,0,0,1,0,0,1,1,1,0,0,1,0
Odisha,JAJPUR,S1130105,1,1,1,1,0,1,0,0,,0,0,0,1,0,0,0,1,0,0,0,1,0,0,1,1,1,0,0,0,0
Odisha,JAJPUR,S1130106,1,1,1,1,1,1,0,1,,0,1,0,0,0,0,0,1,0,0,0,1,0,0,1,1,1,0,0,1,0
Odisha,JAJPUR,S1130108,1,1,1,1,1,1,0,0,,0,0,0,1,0,0,0,1,0,0,0,1,0,0,1,0,0,0,0,0,0
Odisha,JAJPUR,S1130109,1,1,1,0,0,1,0,0,,0,1,0,0,0,0,0,1,0,0,0,1,0,0,1,0,1,0,0,1,0
Odisha,JAJPUR,S1130112,1,1,1,0,1,1,0,1,,1,0,0,0,0,0,0,1,0,0,0,1,0,0,1,1,1,0,0,0,0
Odisha,JAJPUR,S1130114,1,1,1,0,1,1,0,1,,1,0,0,0,0,0,0,1,0,0,0,1,0,0,1,0,1,0,0,1,0
Odisha,JAJPUR,S1130201,1,1,1,0,1,1,0,0,,0,0,0,1,0,0,0,1,0,0,0,1,0,0,1,1,1,0,0,0,0
Odisha,JAJPUR,S1130202,1,1,1,0,0,1,0,0,,1,0,0,0,0,0,0,1,0,0,0,1,0,0,1,0,1,0,0,1,0
Odisha,JAJPUR,S1130204,1,1,1,0,1,1,0,0,,0,0,0,1,0,0,0,1,0,0,1,0,0,0,1,1,1,0,0,0,0
Odisha,JAJPUR,S1130205,1,1,1,1,1,1,0,1,,0,1,0,0,0,0,0,1,0,0,0,1,0,0,1,1,1,0,0,0,0
Odisha,JAJPUR,S1130206,1,1,1,0,0,1,0,0,,0,0,0,1,0,0,0,1,0,0,0,1,0,0,1,1,1,0,0,0,0
Odisha,JAJPUR,S1130207,1,1,1,0,1,1,0,1,,1,0,0,0,0,0,0,1,0,0,0,1,0,0,1,1,1,0,0,0,0
Odisha,JAJPUR,S1130208,1,1,1,1,1,1,0,1,,0,0,0,1,0,0,0,1,0,0,0,1,0,0,1,1,1,0,0,1,0
Odisha,JAJPUR,S1130210,1,1,1,0,1,1,0,1,,1,0,0,0,0,0,0,1,0,0,0,1,0,0,1,1,1,0,0,0,0
Odisha,JAJPUR,S1130211,1,1,1,0,1,1,0,0,,1,0,0,0,0,0,0,1,0,0,0,1,0,0,1,1,1,0,0,0,0
Odisha,JAJPUR,S1130213,1,0,1,0,1,1,0,0,,1,0,0,0,0,0,0,1,0,0,0,1,0,0,0,0,0,0,0,0,0
Odisha,JAJPUR,S1130301,1,1,1,1,1,1,0,1,,0,1,0,0,0,0,0,1,0,0,0,1,0,0,1,1,1,0,0,1,0
Odisha,JAJPUR,S1130302,1,1,1,0,1,1,0,1,,0,1,0,0,0,0,0,1,0,0,0,1,0,0,1,1,1,0,0,1,0
Odisha,JAJPUR,S1130303,1,1,1,0,1,1,0,1,,0,0,0,1,0,0,0,1,0,0,0,1,0,0,0,0,1,0,0,1,1
Odisha,JAJPUR,S1130304,1,1,1,0,1,1,0,1,,0,1,0,0,0,0,0,1,0,0,0,1,0,0,1,1,1,0,0,1,0
Odisha,JAJPUR,S1130305,1,1,1,0,1,1,0,1,,0,0,0,1,0,0,0,1,0,0,0,1,0,0,1,0,1,0,0,1,0
Odisha,JAJPUR,S1130309,1,1,1,1,1,1,0,0,,1,0,0,0,0,0,0,1,0,0,0,1,0,0,1,1,1,0,0,0,0
Odisha,JAJPUR,S1130310,1,1,1,0,1,1,0,0,,1,0,0,0,0,0,0,1,0,0,0,1,0,0,1,1,1,0,0,0,0
Odisha,JAJPUR,S1130311,1,1,1,0,1,1,0,0,,1,0,0,0,0,0,0,1,0,0,0,1,0,0,1,1,1,0,0,0,0
Odisha,JAJPUR,S1130313,1,1,1,1,1,1,0,0,,1,0,0,0,0,0,0,1,0,0,0,1,0,0,1,0,1,0,0,0,0
Odisha,JAJPUR,S1130314,1,1,1,0,1,1,0,1,,0,1,0,0,0,0,0,1,0,0,0,1,0,0,1,1,1,0,0,0,0
Odisha,JAJPUR,S1130315,1,1,1,0,1,1,0,1,,0,0,0,1,0,0,0,1,0,0,0,1,0,0,1,0,1,0,0,0,0
Odisha,JAJPUR,S1130401,1,1,1,1,1,1,0,0,,1,0,0,0,0,0,0,1,0,0,0,1,0,0,1,1,1,0,0,0,0
Odisha,JAJPUR,S1130403,1,1,1,0,0,1,0,0,,0,1,0,0,0,0,0,1,0,0,0,1,0,0,1,1,1,0,0,1,0
Odisha,JAJPUR,S1130406,1,0,1,1,0,1,0,0,,0,0,0,1,0,0,0,1,0,0,0,1,0,0,0,0,0,0,0,0,0
Odisha,JAJPUR,S1130501,1,1,1,0,1,1,0,0,,1,0,0,0,0,0,0,1,0,0,0,1,0,0,1,1,1,0,0,0,0
Odisha,JAJPUR,S1130502,1,1,1,0,1,1,0,1,,0,1,0,0,0,0,0,1,0,0,0,1,0,0,1,1,1,0,0,0,0
Odisha,JAJPUR,S1130504,1,1,1,0,1,1,0,0,,0,1,0,0,0,0,0,1,0,0,0,1,0,0,1,1,1,0,0,0,0
Odisha,JAJPUR,S1130506,1,1,1,0,0,1,0,0,,0,1,0,0,0,0,0,1,0,0,0,1,0,0,1,1,1,0,0,0,0
Odisha,JAJPUR,S1130507,1,1,1,1,1,1,0,0,,0,1,0,0,0,0,0,1,0,0,0,1,0,0,1,1,1,0,0,0,0
Odisha,JAJPUR,S1130508,1,1,1,1,1,1,0,0,,1,0,0,0,0,0,0,1,0,0,0,1,0,0,1,1,1,0,0,0,0
Odisha,JAJPUR,S1130509,1,1,1,1,1,1,0,0,,0,1,0,0,0,0,0,1,0,0,0,1,0,0,1,1,1,0,0,0,0
Odisha,JAJPUR,S1130510,1,1,1,0,1,1,0,0,,1,0,0,0,0,0,0,1,0,0,0,1,0,0,1,1,1,0,0,0,0
Odisha,JAJPUR,S1130512,1,1,1,1,1,1,0,0,,1,0,0,0,0,0,0,1,0,0,0,1,0,0,1,1,1,0,0,0,0
Odisha,JAJPUR,S1130513,1,1,1,1,1,1,0,0,,1,0,0,0,0,0,0,1,0,0,0,1,0,0,1,1,1,0,0,0,0
Odisha,JAJPUR,S1130604,1,1,1,0,1,1,0,1,,1,0,0,0,0,0,0,1,0,0,0,1,0,0,1,1,1,0,0,0,0
Odisha,JAJPUR,S1130608,1,1,1,1,1,1,0,1,,0,0,0,1,0,0,0,1,0,0,0,1,0,0,1,0,1,0,0,0,0
Odisha,JAJPUR,S1130609,1,1,1,1,1,1,0,1,,0,1,0,0,0,0,0,1,0,0,0,1,0,0,1,1,1,0,0,1,0
Odisha,JAJPUR,S1130610,1,1,1,0,1,1,0,0,,0,1,0,0,0,0,0,1,0,0,0,1,0,0,1,0,0,0,0,0,0
Odisha,JAJPUR,S1130612,1,1,1,0,1,1,0,1,,1,0,0,0,0,0,0,1,0,0,0,1,0,0,1,1,1,0,0,0,0
Odisha,JAJPUR,S1130701,1,1,1,0,1,1,0,1,,0,1,0,0,0,0,0,1,0,0,0,1,0,0,1,1,1,0,0,1,0
Odisha,JAJPUR,S1130702,1,1,1,0,1,1,0,1,,0,1,0,0,0,0,0,1,0,0,0,1,0,0,1,1,1,0,0,1,0
Odisha,JAJPUR,S1130704,1,1,1,1,0,1,0,0,,0,0,0,1,0,0,0,1,0,0,0,1,0,0,1,0,1,0,0,0,0
Odisha,JAJPUR,S1130705,1,1,1,0,1,1,0,1,,1,0,0,0,0,0,0,1,0,0,0,1,0,0,1,1,1,0,0,0,0
Odisha,JAJPUR,S1130707,1,1,1,1,0,1,0,0,,0,0,0,1,0,0,0,1,0,0,0,1,0,0,1,1,1,0,0,0,0
Odisha,JAJPUR,S1130710,1,1,1,0,0,1,0,0,,1,0,0,0,0,0,0,1,0,0,0,1,0,0,1,1,1,0,0,0,0
Odisha,JAJPUR,S1130803,1,1,1,0,1,1,0,1,,1,0,0,0,0,0,0,1,0,0,0,1,0,0,1,1,1,0,0,1,0
Odisha,JAJPUR,S1130814,1,1,1,0,1,1,0,0,,1,0,0,0,0,0,0,1,0,0,0,1,0,0,1,0,1,0,0,0,0
Odisha,JAJPUR,S1130901,1,1,1,0,1,1,0,1,,0,0,0,1,0,0,0,1,0,0,0,1,0,0,1,1,1,0,0,1,0
Odisha,JAJPUR,S1130904,1,1,1,0,0,1,0,1,,0,0,0,1,0,0,0,1,0,0,0,1,0,0,1,1,1,0,0,1,0
Odisha,JAJPUR,S1130909,1,1,1,1,1,1,0,1,,0,0,0,1,0,0,0,1,0,0,0,1,0,0,1,1,1,0,0,0,0
Odisha,JHARSUGUDA,S1140102,1,0,1,0,0,1,0,0,,0,1,0,0,0,0,0,1,0,0,0,1,0,0,0,0,0,0,0,0,0
Odisha,JHARSUGUDA,S1140103,1,1,1,0,0,1,0,0,,1,0,0,0,0,0,0,1,0,0,0,1,0,0,1,0,0,0,0,0,0
Odisha,JHARSUGUDA,S1140105,1,1,1,0,0,1,0,0,,1,0,0,0,0,0,0,1,0,0,0,1,0,0,1,0,0,0,0,0,0
Odisha,JHARSUGUDA,S1140106,1,1,0,0,0,1,0,0,,1,0,0,0,0,0,0,1,0,0,0,1,0,0,1,0,0,0,0,0,0
Odisha,JHARSUGUDA,S1140107,1,0,1,0,0,1,0,0,,1,0,0,0,0,0,0,1,0,0,0,1,0,0,0,0,0,0,0,0,0
Odisha,JHARSUGUDA,S1140202,1,1,0,0,0,1,0,0,,1,0,0,0,0,0,0,1,0,0,0,1,0,0,1,0,0,0,0,0,0
Odisha,JHARSUGUDA,S1140203,1,0,0,0,0,1,0,0,,1,0,0,0,0,0,0,1,0,0,0,1,0,0,0,0,0,0,0,0,0
Odisha,JHARSUGUDA,S1140301,1,1,0,1,0,1,0,0,,0,0,1,0,0,0,0,1,0,0,0,1,0,0,1,0,0,0,0,0,0
Odisha,JHARSUGUDA,S1140302,1,1,0,0,0,1,0,0,,0,0,1,0,0,0,0,1,0,0,0,1,0,0,0,0,0,1,0,1,0
Odisha,JHARSUGUDA,S1140303,1,1,1,1,0,1,0,0,,0,0,0,1,0,0,0,1,0,0,0,1,0,0,0,0,0,1,0,1,0
Odisha,JHARSUGUDA,S1140304,1,1,1,1,0,1,0,0,,0,0,0,1,0,0,0,1,0,0,0,1,0,0,1,0,0,0,0,0,0
Odisha,JHARSUGUDA,S1140401,1,1,0,0,0,1,0,0,,0,0,0,1,1,0,0,0,0,0,0,1,0,0,1,0,0,0,0,0,0
Odisha,JHARSUGUDA,S1140402,1,1,1,0,0,1,0,0,,0,0,0,1,0,0,0,1,0,0,0,1,0,0,1,0,1,0,0,1,0
Odisha,JHARSUGUDA,S1140403,1,1,0,1,0,1,0,0,,0,0,0,1,0,0,0,1,0,0,0,1,0,0,1,0,1,0,0,1,0
Odisha,JHARSUGUDA,S1140505,1,0,1,1,0,1,0,0,,1,0,0,0,0,0,0,1,0,0,0,1,0,0,0,0,0,0,0,0,0
Odisha,JHARSUGUDA,S1140507,1,1,1,0,0,1,0,0,,1,0,0,0,0,0,0,1,0,0,0,1,0,0,1,0,1,0,0,1,0
Odisha,JHARSUGUDA,S1140508,1,1,1,1,0,1,0,0,,1,0,0,0,0,0,0,1,0,0,0,1,0,0,0,0,0,1,0,1,0
Odisha,JHARSUGUDA,S1140509,1,0,0,0,0,1,0,0,,1,0,0,0,0,0,0,1,0,0,0,1,0,0,0,0,0,0,0,0,0
Odisha,JHARSUGUDA,S1140510,1,1,1,0,0,1,0,0,,0,0,0,1,0,0,0,1,0,0,0,1,0,0,0,0,1,0,0,1,0
Odisha,JHARSUGUDA,S1140514,1,1,1,1,0,1,0,0,,1,0,0,0,0,0,0,1,0,0,0,1,0,0,1,0,0,0,0,0,0
Odisha,KALAHANDI,S1150807,1,0,1,1,0,1,0,1,,0,0,0,1,0,0,0,1,0,0,0,0,1,0,0,0,0,0,0,0,0
Odisha,KENDRAPARA,S1170102,1,1,1,1,0,1,0,0,,0,1,0,0,0,0,0,1,0,0,0,1,0,0,1,0,1,0,0,0,0
Odisha,KENDRAPARA,S1170103,1,1,1,0,1,1,0,0,,0,1,0,0,0,0,0,1,0,0,0,1,0,0,1,0,1,0,0,1,0
Odisha,KENDRAPARA,S1170104,1,1,0,0,1,1,0,0,,0,0,0,1,0,0,0,1,0,0,0,1,0,0,1,0,1,0,0,0,0
Odisha,KENDRAPARA,S1170105,1,1,0,1,1,1,0,0,,0,0,0,1,0,0,0,1,0,0,0,1,0,0,1,0,1,0,0,0,0
Odisha,KENDRAPARA,S1170108,1,1,0,0,0,1,0,0,,0,1,0,0,0,0,0,1,0,0,0,1,0,0,1,0,1,0,0,0,0
Odisha,KENDRAPARA,S1170109,1,1,1,0,0,1,0,0,,0,1,0,0,0,0,0,1,0,0,0,1,0,0,1,0,1,0,0,1,0
Odisha,KENDRAPARA,S1170110,1,1,0,1,0,1,0,0,,0,0,0,1,0,0,0,1,0,0,0,1,0,0,1,0,1,0,0,0,0
Odisha,KENDRAPARA,S1170201,1,1,1,1,0,1,0,0,,0,1,0,0,0,0,0,1,0,0,0,1,0,0,1,0,1,0,1,0,0
Odisha,KENDRAPARA,S1170203,1,1,1,1,1,1,1,0,,0,1,0,0,0,0,0,0,1,0,0,1,0,0,1,1,1,0,0,0,0
Odisha,KENDRAPARA,S1170206,1,1,1,1,0,1,0,1,,0,0,0,1,0,0,0,1,0,0,0,1,0,0,1,0,1,0,0,1,0
Odisha,KENDRAPARA,S1170208,1,1,1,1,1,1,0,0,,0,0,0,1,0,0,0,1,0,0,0,1,0,0,1,0,1,0,0,1,0
Odisha,KENDRAPARA,S1170210,1,1,0,0,1,1,0,0,,0,1,0,0,0,0,0,1,0,0,0,1,0,0,1,0,1,0,0,0,0
Odisha,KENDRAPARA,S1170301,1,1,1,1,1,1,0,1,,0,1,0,0,0,0,0,1,0,0,0,1,0,0,1,0,1,0,0,0,0
Odisha,KENDRAPARA,S1170303,1,1,1,1,1,1,0,1,,0,0,0,1,0,0,0,1,0,0,0,1,0,0,0,0,1,0,0,1,0
Odisha,KENDRAPARA,S1170306,1,1,0,0,0,1,0,1,,0,0,0,1,0,0,0,1,0,0,0,1,0,0,1,0,1,0,0,0,0
Odisha,KENDRAPARA,S1170402,1,1,1,1,1,1,0,1,,0,0,0,1,0,0,0,1,0,0,0,1,0,0,1,1,1,0,0,1,0
Odisha,KENDRAPARA,S1170403,1,1,1,1,1,1,0,0,,0,0,0,1,0,0,0,1,0,0,0,1,0,0,1,0,1,0,0,1,0
Odisha,KENDRAPARA,S1170404,1,1,0,0,0,1,0,0,,0,0,0,1,0,0,0,1,0,0,0,1,0,0,1,1,1,0,0,0,0
Odisha,KENDRAPARA,S1170405,1,1,1,1,1,1,0,0,,0,0,0,1,0,0,0,1,0,0,0,1,0,0,1,0,1,0,0,1,0
Odisha,KENDRAPARA,S1170408,1,1,1,0,1,1,0,0,,1,0,0,0,0,0,0,1,0,0,0,1,0,0,1,1,1,0,0,1,0
Odisha,KENDRAPARA,S1170409,1,1,1,1,1,1,0,1,,0,1,0,0,0,0,0,1,0,0,0,1,0,0,1,1,1,0,1,1,0
Odisha,KENDRAPARA,S1170410,1,1,1,1,1,1,0,1,,0,1,0,0,0,0,0,1,0,0,0,1,0,0,0,1,1,0,0,1,0
Odisha,KENDRAPARA,S1170502,1,1,1,0,1,1,0,1,,0,1,0,0,0,0,0,1,0,0,0,1,0,0,1,0,1,0,0,1,0
Odisha,KENDRAPARA,S1170504,1,1,1,0,1,1,0,1,,0,0,0,1,0,0,0,1,0,0,0,1,0,0,1,0,1,0,0,0,0
Odisha,KENDRAPARA,S1170505,1,1,1,0,1,1,0,1,,0,0,0,1,0,0,0,1,0,0,0,1,0,0,1,0,1,0,0,0,0
Odisha,KENDRAPARA,S1170510,1,1,1,0,1,1,0,1,,0,0,0,1,0,0,0,1,0,0,0,1,0,0,1,0,1,0,0,0,0
Odisha,KENDRAPARA,S1170512,1,1,1,0,1,1,0,0,,0,0,0,1,0,0,0,1,0,0,0,1,0,0,0,0,1,0,0,0,0
Odisha,KENDRAPARA,S1170513,1,0,0,0,0,1,0,0,,0,1,0,0,0,0,0,1,0,0,0,1,0,0,0,0,0,0,0,0,0
Odisha,KENDRAPARA,S1170514,1,1,0,0,1,1,0,1,,1,0,0,0,0,0,0,1,0,0,0,1,0,0,1,0,1,0,0,1,0
Odisha,KENDRAPARA,S1170516,1,1,0,0,1,1,0,1,,1,0,0,0,0,0,0,1,0,0,0,0,1,0,0,0,1,0,0,1,0
Odisha,KENDRAPARA,S1170517,1,1,0,0,1,1,0,1,,0,1,0,0,0,0,0,1,0,0,0,1,0,0,1,0,0,1,0,1,0
Odisha,KENDRAPARA,S1170518,1,1,1,0,1,1,0,1,,0,1,0,0,0,0,0,1,0,0,0,1,0,0,1,0,0,0,0,0,0
Odisha,KENDRAPARA,S1170519,1,0,0,0,1,1,0,1,,1,0,0,0,0,0,0,1,0,0,1,0,0,0,0,0,0,0,0,0,0
Odisha,KENDRAPARA,S1170520,1,1,1,0,0,1,0,0,,0,1,0,0,0,0,0,1,0,0,0,1,0,0,1,1,1,0,0,1,0
Odisha,KENDRAPARA,S1170521,1,1,1,0,1,1,0,1,,0,1,0,0,0,0,0,1,0,0,0,1,0,0,1,1,1,0,0,0,0
Odisha,KENDRAPARA,S1170522,1,1,0,0,0,1,0,0,,0,0,0,1,0,0,0,1,0,0,0,1,0,0,1,1,1,0,0,1,0
Odisha,KENDRAPARA,S1170523,1,1,1,0,1,1,0,1,,0,0,0,1,0,0,0,1,0,0,0,1,0,0,1,0,1,0,0,1,0
Odisha,KENDRAPARA,S1170602,1,1,1,0,0,1,0,0,,0,1,0,0,0,0,0,1,0,0,0,1,0,0,1,1,1,0,0,0,0
Odisha,KENDRAPARA,S1170604,1,1,1,0,1,1,0,0,,0,0,0,1,0,0,0,1,0,0,0,1,0,0,1,1,1,0,0,1,0
Odisha,KENDRAPARA,S1170702,1,1,1,1,1,0,0,1,,0,0,0,1,0,0,0,1,0,0,0,0,1,0,1,0,1,0,0,0,0
Odisha,KENDRAPARA,S1170706,1,1,1,0,1,1,0,0,,0,1,0,0,0,0,0,1,0,0,1,0,0,0,1,1,1,0,1,1,0
Odisha,KENDRAPARA,S1170709,1,1,1,1,1,1,0,0,,0,0,0,1,0,0,0,1,0,0,0,1,0,0,1,1,1,0,0,0,0
Odisha,KENDRAPARA,S1170802,1,1,0,0,0,1,0,0,,1,0,0,0,0,0,0,1,0,0,0,1,0,0,1,0,1,0,1,0,0
Odisha,KENDRAPARA,S1170803,1,0,1,1,0,1,0,0,,0,0,1,0,0,0,0,1,0,0,0,1,0,0,0,0,0,0,0,0,0
Odisha,KENDRAPARA,S1170804,1,1,0,1,1,1,0,0,,0,0,0,1,0,0,0,1,0,0,0,1,0,0,1,0,1,0,1,0,0
Odisha,KENDRAPARA,S1170805,1,1,1,1,1,1,0,1,,1,0,0,0,0,0,0,1,0,0,0,1,0,0,1,0,1,0,1,0,0
Odisha,KENDRAPARA,S1170811,1,1,1,0,0,1,0,0,,0,0,0,1,0,0,0,1,0,0,0,1,0,0,1,0,1,0,1,0,0
Odisha,KENDRAPARA,S1170812,1,1,1,1,1,1,0,0,,0,1,0,0,0,0,0,1,0,0,0,1,0,0,1,0,1,0,0,1,0
Odisha,KENDRAPARA,S1170813,1,1,0,0,1,1,0,0,,0,1,0,0,0,0,0,1,0,0,0,1,0,0,1,0,1,0,1,1,0
Odisha,KENDRAPARA,S1170814,1,1,0,0,1,1,0,0,,0,1,0,0,0,0,0,1,0,0,0,1,0,0,1,0,1,0,1,0,0
Odisha,KENDRAPARA,S1170911,1,1,1,0,0,1,0,0,,0,1,0,0,0,0,0,1,0,0,0,1,0,0,1,1,1,0,0,0,0
Odisha,KEONJHAR,S1180102,1,1,0,0,0,1,0,0,,0,0,0,1,1,0,0,0,0,0,1,0,0,0,1,1,1,0,0,0,0
Odisha,KEONJHAR,S1180105,1,0,1,1,0,0,0,0,,0,0,0,1,1,0,0,0,0,0,0,1,0,0,0,0,0,0,0,0,0
Odisha,KEONJHAR,S1180202,1,1,1,0,1,1,0,0,,1,0,0,0,0,0,0,1,0,0,0,1,0,0,1,1,1,0,0,0,0
Odisha,KEONJHAR,S1180302,1,0,1,0,1,1,0,0,,0,0,0,1,0,0,0,1,0,0,0,1,0,0,0,0,0,0,0,0,0
Odisha,KEONJHAR,S1180406,1,0,1,0,0,1,0,0,,0,0,0,1,1,0,0,0,0,0,0,1,0,0,0,0,0,0,0,0,0
Odisha,KEONJHAR,S1180411,1,1,1,0,0,1,0,0,,0,0,0,1,1,0,0,0,0,0,0,0,1,0,1,0,1,0,0,0,0
Odisha,KEONJHAR,S1180601,1,1,1,0,0,1,0,0,,0,0,0,1,1,0,0,0,0,0,0,1,0,0,1,0,1,0,0,1,0
Odisha,KEONJHAR,S1180602,1,1,1,0,1,1,0,0,,1,0,0,0,0,0,0,1,0,0,0,1,0,0,1,0,0,0,0,0,0
Odisha,KEONJHAR,S1180702,1,1,1,0,0,1,0,0,,0,0,0,1,0,0,0,1,0,0,0,1,0,0,1,0,1,0,0,1,0
Odisha,KEONJHAR,S1180705,1,1,1,0,0,1,0,0,,0,0,0,1,0,0,0,1,0,0,0,1,0,0,1,0,1,0,0,0,0
Odisha,KEONJHAR,S1181001,1,1,1,1,1,1,0,0,,0,1,0,0,0,0,0,1,0,0,0,1,0,0,1,0,1,0,0,0,0
Odisha,KEONJHAR,S1181002,1,1,1,1,1,1,0,0,,0,0,0,1,0,0,0,1,0,0,0,1,0,0,1,0,1,0,0,0,0
Odisha,KEONJHAR,S1181201,1,0,1,1,1,1,0,0,,0,1,0,0,0,0,0,1,0,0,0,1,0,0,0,0,0,0,0,0,0
Odisha,KEONJHAR,S1181301,1,1,1,0,1,1,0,0,,1,0,0,0,0,0,0,1,0,0,0,1,0,0,1,0,1,0,0,1,0
Odisha,KEONJHAR,S1181402,1,1,1,0,0,1,0,0,,0,0,0,1,1,0,0,0,0,0,0,1,0,0,1,0,1,0,0,1,0
Odisha,KHORDHA,S1190102,1,1,1,1,1,1,0,1,,0,0,0,1,0,0,0,1,0,0,0,1,0,0,1,1,1,0,1,1,0
Odisha,KHORDHA,S1190103,1,0,1,1,1,1,0,1,,0,0,0,1,0,0,0,1,0,0,0,1,0,0,0,0,0,0,0,0,0
Odisha,KHORDHA,S1190104,1,1,1,1,1,1,0,1,,0,0,0,1,0,0,0,1,0,0,0,1,0,0,1,1,1,0,1,1,0
Odisha,KHORDHA,S1190108,1,1,1,1,1,1,0,0,,0,0,0,1,0,0,0,0,1,0,0,1,0,0,1,0,1,0,1,0,1
Odisha,KHORDHA,S1190110,1,1,1,1,1,1,0,0,,0,0,0,1,0,0,0,0,1,0,0,1,0,0,0,1,1,0,0,1,1
Odisha,KHORDHA,S1190112,1,1,1,1,1,1,1,0,,0,1,0,0,0,0,0,1,0,0,0,1,0,0,1,1,0,1,0,1,0
Odisha,KHORDHA,S1190203,1,1,1,1,1,1,0,0,,1,0,0,0,0,0,0,1,0,0,0,1,0,0,1,1,1,0,1,1,0
Odisha,KHORDHA,S1190204,1,0,1,1,1,1,0,0,,0,1,0,0,0,0,0,1,0,0,0,1,0,0,0,0,0,0,0,0,0
Odisha,KHORDHA,S1190205,1,0,1,1,1,1,0,0,,1,0,0,0,0,0,0,1,0,0,0,1,0,0,0,0,0,0,0,0,0
Odisha,KHORDHA,S1190206,1,0,1,1,1,1,0,0,,0,1,0,0,0,0,0,1,0,0,0,1,0,0,0,0,0,0,0,0,0
Odisha,KHORDHA,S1190207,1,1,1,0,1,1,0,1,,0,0,0,1,0,0,0,1,0,0,0,0,1,0,1,0,1,0,1,1,0
Odisha,KHORDHA,S1190210,1,0,1,0,1,1,0,0,,0,0,0,1,0,0,0,1,0,0,0,1,0,0,0,0,0,0,0,0,0
Odisha,KHORDHA,S1190211,1,0,1,0,0,1,0,1,,0,1,0,0,1,0,0,0,0,0,0,0,1,0,0,0,0,0,0,0,0
Odisha,KHORDHA,S1190215,1,0,0,0,1,1,0,0,,1,0,0,0,1,0,0,0,0,0,0,1,0,0,0,0,0,0,0,0,0
Odisha,KHORDHA,S1190217,1,0,0,0,0,1,0,0,,0,1,0,0,0,0,0,1,0,0,1,0,0,0,0,0,0,0,0,0,0
Odisha,KHORDHA,S1190501,1,1,1,1,1,1,0,1,,0,1,0,0,0,0,0,1,0,0,0,1,0,0,1,1,1,0,1,0,0
Odisha,KHORDHA,S1190502,1,0,1,0,1,1,0,0,,0,0,0,1,0,0,0,1,0,0,0,1,0,0,0,0,0,0,0,0,0
Odisha,KHORDHA,S1190505,1,1,1,1,1,1,0,1,,0,1,0,0,0,0,0,1,0,0,0,1,0,0,1,1,1,0,1,1,0
Odisha,KHORDHA,S1190508,1,0,1,0,0,1,0,0,,0,0,0,1,0,0,0,1,0,0,0,1,0,0,0,0,0,0,0,0,0
Odisha,KHORDHA,S1190509,1,0,1,0,1,1,0,1,,0,0,0,1,0,0,0,1,0,0,0,1,0,0,0,0,0,0,0,0,0
Odisha,KHORDHA,S1190510,1,0,1,1,1,1,0,0,,0,1,0,0,0,0,0,1,0,0,0,1,0,0,0,0,0,0,0,0,0
Odisha,KHORDHA,S1190511,1,0,0,0,1,1,0,1,,0,0,0,1,0,0,0,1,0,0,0,1,0,0,0,0,0,0,0,0,0
Odisha,KHORDHA,S1190512,1,1,1,1,1,1,0,1,,0,0,0,1,0,0,0,1,0,0,0,1,0,0,1,1,1,0,1,1,0
Odisha,KHORDHA,S1190513,1,1,1,1,1,1,0,1,,0,0,0,1,0,0,0,1,0,0,0,1,0,0,1,1,1,0,0,1,0
Odisha,KHORDHA,S1190805,1,1,1,0,0,1,0,0,,0,1,0,0,0,0,0,1,0,0,0,1,0,0,1,0,0,0,0,0,0
Odisha,KHORDHA,S1190806,1,0,1,0,1,1,0,0,,0,1,0,0,0,0,0,1,0,0,0,1,0,0,0,0,0,0,0,0,0
Odisha,KHORDHA,S1190807,1,1,1,0,1,1,0,0,,0,1,0,0,0,0,0,1,0,0,0,1,0,0,1,1,1,0,1,1,0
Odisha,KHORDHA,S1190808,1,0,1,0,1,1,0,0,,0,1,0,0,0,0,0,1,0,0,0,1,0,0,0,0,0,0,0,0,0
Odisha,KHORDHA,S1190901,1,0,1,0,1,1,0,0,,0,1,0,0,0,0,0,1,0,0,0,1,0,0,0,0,0,0,0,0,0
Odisha,KHORDHA,S1190902,1,0,1,1,1,1,0,0,,0,0,0,1,0,0,0,1,0,0,0,1,0,0,0,0,0,0,0,0,0
Odisha,KHORDHA,S1190903,1,0,0,1,1,1,0,1,,0,0,0,1,0,0,0,1,0,0,0,1,0,0,0,0,0,0,0,0,0
Odisha,KHORDHA,S1190908,1,1,1,0,1,1,0,0,,0,1,0,0,0,0,0,1,0,0,0,1,0,0,1,0,1,0,0,1,0
Odisha,KHORDHA,S1190913,1,1,1,0,0,1,0,0,,0,1,0,0,0,0,0,1,0,0,0,1,0,0,1,0,1,1,0,1,0
Odisha,KHORDHA,S1190916,1,0,1,1,1,1,0,0,,0,0,1,0,0,0,0,1,0,0,0,1,0,0,0,0,0,0,0,0,0
Odisha,KHORDHA,S1190918,1,1,1,0,0,1,0,0,,0,1,0,0,0,0,0,1,0,0,0,0,1,0,1,1,1,0,0,1,0
Odisha,KHORDHA,S1190919,1,1,1,1,1,1,0,0,,0,1,0,0,0,0,0,1,0,0,0,1,0,0,1,1,1,0,1,0,0
Odisha,KHORDHA,S1191401,1,1,1,0,1,1,0,0,,0,0,0,1,0,0,0,1,0,0,0,1,0,0,1,0,0,0,0,0,0
Odisha,KORAPUT,S1200601,1,1,0,1,1,1,0,1,,0,0,1,0,1,0,0,0,0,0,0,1,0,0,1,0,1,0,0,0,0
Odisha,MAYURBHANJ,S1220301,1,1,1,1,1,1,0,0,,1,0,0,0,0,0,0,1,0,0,0,1,0,0,1,1,1,0,1,1,0
Odisha,MAYURBHANJ,S1220401,1,1,1,1,1,1,0,1,,1,0,0,0,1,0,0,0,0,0,1,0,0,0,1,1,1,0,1,1,0
Odisha,MAYURBHANJ,S1220501,1,1,1,1,1,1,0,0,,0,0,0,1,0,0,0,1,0,0,0,1,0,0,1,1,1,0,1,1,0
Odisha,MAYURBHANJ,S1220502,1,0,1,1,0,1,0,0,,0,0,0,1,0,0,0,1,0,0,0,1,0,0,0,0,0,0,0,0,0
Odisha,MAYURBHANJ,S1220503,1,1,1,1,1,1,0,0,,0,0,0,1,0,0,0,1,0,0,0,1,0,0,1,1,1,0,1,1,0
Odisha,MAYURBHANJ,S1220801,1,1,1,0,1,1,0,1,,0,0,0,1,0,0,0,1,0,0,0,1,0,0,1,1,1,0,1,1,0
Odisha,MAYURBHANJ,S1220802,1,1,0,0,1,1,0,0,,1,0,0,0,0,0,0,1,0,0,0,1,0,0,1,1,1,0,1,1,0
Odisha,MAYURBHANJ,S1221302,1,0,1,1,1,1,0,1,,0,0,0,1,0,0,0,1,0,0,0,1,0,0,0,0,0,0,0,0,0
Odisha,MAYURBHANJ,S1221303,1,1,1,1,1,1,0,0,,0,0,0,1,0,0,0,1,0,0,0,1,0,0,1,1,1,0,1,1,0
Odisha,MAYURBHANJ,S1221304,1,1,1,1,1,1,1,1,,0,0,0,1,0,0,0,1,0,0,0,1,0,0,1,1,1,0,1,1,0
Odisha,MAYURBHANJ,S1221401,1,1,1,0,1,1,0,1,,0,0,0,1,0,0,0,1,0,0,0,1,0,0,1,1,1,0,1,1,0
Odisha,MAYURBHANJ,S1221402,1,1,1,1,1,1,0,1,,0,0,0,1,0,0,0,1,0,0,0,1,0,0,1,1,1,0,0,1,0
Odisha,MAYURBHANJ,S1221601,1,0,1,1,1,1,0,0,,0,0,0,1,0,0,0,1,0,0,0,1,0,0,0,0,0,0,0,0,0
Odisha,MAYURBHANJ,S1221602,1,1,1,1,1,1,0,0,,0,0,0,1,0,0,0,1,0,0,0,1,0,0,1,1,1,0,1,1,0
Odisha,MAYURBHANJ,S1221902,1,1,1,1,1,1,0,0,,0,1,0,0,0,0,0,1,0,0,0,1,0,0,1,0,1,0,0,1,0
Odisha,MAYURBHANJ,S1222001,1,1,1,0,0,1,0,0,,0,0,0,1,0,0,0,1,0,0,0,1,0,0,0,0,0,0,1,1,0
Odisha,MAYURBHANJ,S1222301,1,1,1,1,1,1,0,1,,0,0,0,1,0,0,0,1,0,0,0,1,0,0,1,1,1,0,1,1,0
Odisha,MAYURBHANJ,S1222302,1,1,1,1,1,1,0,1,,0,0,0,1,0,0,0,1,0,0,0,1,0,0,1,1,1,0,1,1,0
Odisha,NAYAGARH,S1240103,1,1,1,1,1,1,0,0,,0,0,0,1,0,0,0,1,0,0,0,1,0,0,1,0,1,0,0,1,0
Odisha,NAYAGARH,S1240104,1,1,1,0,1,1,0,0,,0,1,0,0,0,0,0,1,0,0,0,1,0,0,1,0,1,0,0,1,0
Odisha,NAYAGARH,S1240108,1,1,1,0,1,1,0,0,,0,1,0,0,0,0,0,1,0,0,0,1,0,0,1,0,1,0,0,1,0
Odisha,NAYAGARH,S1240110,1,1,1,0,1,1,0,0,,0,1,0,0,0,0,0,1,0,0,0,1,0,0,1,0,1,0,0,1,0
Odisha,NAYAGARH,S1240111,1,0,1,0,1,1,0,0,,0,0,0,1,0,0,0,1,0,0,0,1,0,0,0,0,0,0,0,0,0
Odisha,NAYAGARH,S1240112,1,1,1,0,1,1,0,0,,0,1,0,0,0,0,0,1,0,0,0,1,0,0,1,0,1,0,0,1,0
Odisha,NAYAGARH,S1240113,1,1,1,0,1,1,0,0,,0,0,0,1,0,0,0,1,0,0,1,0,0,0,0,0,1,0,0,1,0
Odisha,NAYAGARH,S1240114,1,1,1,0,1,1,0,0,,0,1,0,0,0,0,0,1,0,0,0,1,0,0,1,0,1,0,0,1,0
Odisha,NAYAGARH,S1240115,1,1,1,0,1,1,0,0,,1,0,0,0,0,0,0,1,0,0,0,1,0,0,1,0,1,0,0,1,0
Odisha,NAYAGARH,S1240116,1,1,1,0,1,1,0,0,,0,1,0,0,0,0,0,1,0,0,0,1,0,0,1,0,1,0,0,1,0
Odisha,NAYAGARH,S1240403,1,1,1,0,1,1,0,0,,0,1,0,0,0,0,0,1,0,0,0,1,0,0,1,0,1,0,0,1,0
Odisha,NAYAGARH,S1240408,1,1,1,0,1,1,0,0,,0,0,0,1,0,0,0,1,0,0,1,0,0,0,0,0,1,1,0,1,0
Odisha,NAYAGARH,S1240410,1,0,1,0,1,1,0,0,,0,0,0,1,0,0,0,1,0,0,0,1,0,0,0,0,0,0,0,0,0
Odisha,NAYAGARH,S1240413,1,1,1,0,1,1,0,0,,0,0,0,1,0,0,0,1,0,0,0,1,0,0,1,0,1,0,0,1,0
Odisha,NAYAGARH,S1240414,1,1,1,0,1,1,0,0,,0,0,0,1,0,0,0,1,0,0,0,1,0,0,0,0,1,1,0,1,0
Odisha,NAYAGARH,S1240418,1,1,1,0,1,1,0,0,,0,0,0,1,0,0,0,1,0,0,0,1,0,0,1,0,1,0,0,1,0
Odisha,NAYAGARH,S1240503,1,1,1,1,1,1,0,0,,0,1,0,0,0,0,0,1,0,0,0,1,0,0,1,0,1,0,0,1,0
Odisha,NAYAGARH,S1240506,1,1,1,1,1,1,0,0,,0,0,0,1,0,0,0,1,0,0,0,1,0,0,1,0,1,1,0,1,1
Odisha,NAYAGARH,S1240507,1,1,1,1,1,1,0,0,,0,1,0,0,0,0,0,1,0,0,0,1,0,0,0,0,1,0,0,1,0
Odisha,NAYAGARH,S1240515,1,1,1,0,1,1,0,0,,0,0,0,1,0,0,0,1,0,0,0,1,0,0,1,0,1,0,0,1,0
Odisha,NAYAGARH,S1240518,1,1,1,0,1,1,0,0,,0,0,0,1,0,0,0,1,0,0,0,1,0,0,1,0,0,0,0,0,0
Odisha,NAYAGARH,S1240523,1,1,1,0,1,1,0,0,,0,1,0,0,0,0,0,1,0,0,0,1,0,0,1,0,1,0,0,1,0
Odisha,NAYAGARH,S1240524,1,1,1,1,1,1,0,0,,0,0,0,1,0,0,0,1,0,0,1,0,0,0,1,0,1,0,0,1,0
Odisha,NAYAGARH,S1240527,1,1,1,1,1,1,0,0,,0,0,0,1,0,0,0,1,0,0,0,1,0,0,1,0,1,0,0,1,0
Odisha,NAYAGARH,S1240602,1,1,1,1,1,1,0,0,,0,0,0,1,0,0,0,1,0,0,0,1,0,0,1,0,1,0,0,1,0
Odisha,NAYAGARH,S1240604,1,1,1,0,1,1,0,0,,0,1,0,0,0,0,0,1,0,0,0,1,0,0,1,0,1,0,0,1,0
Odisha,NAYAGARH,S1240605,1,1,1,1,1,1,0,0,,0,1,0,0,0,0,0,1,0,0,0,1,0,0,1,0,1,0,0,1,0
Odisha,NAYAGARH,S1240606,1,1,1,1,1,1,0,0,,0,0,0,1,0,0,0,1,0,0,0,1,0,0,0,0,1,0,0,1,0
Odisha,NAYAGARH,S1240611,1,1,1,0,1,1,0,0,,0,0,0,1,0,0,0,1,0,0,0,1,0,0,1,0,1,0,0,1,0
Odisha,NAYAGARH,S1240619,1,1,1,0,1,1,0,0,,0,1,0,0,0,0,0,1,0,0,0,1,0,0,0,0,1,0,0,1,1
Odisha,NAYAGARH,S1240702,1,1,1,1,1,1,0,0,,0,0,0,1,0,0,0,1,0,0,0,1,0,0,1,0,1,0,0,1,0
Odisha,NAYAGARH,S1240703,1,1,1,1,1,1,0,0,,0,0,0,1,0,0,0,1,0,0,0,1,0,0,1,0,1,0,0,1,0
Odisha,NAYAGARH,S1240704,1,1,1,0,1,1,0,0,,0,0,0,1,0,0,0,1,0,0,0,1,0,0,1,0,1,0,0,1,0
Odisha,NAYAGARH,S1240706,1,1,1,1,1,1,0,0,,0,1,0,0,0,0,0,1,0,0,0,1,0,0,1,0,1,0,0,1,0
Odisha,NAYAGARH,S1240707,1,1,1,1,1,1,0,0,,0,1,0,0,0,0,0,1,0,0,0,1,0,0,1,0,1,0,0,1,0
Odisha,NAYAGARH,S1240708,1,1,1,1,1,1,0,0,,0,0,0,1,0,0,0,1,0,0,0,1,0,0,0,0,1,0,0,1,0
Odisha,NAYAGARH,S1240710,1,1,1,0,1,1,0,0,,0,1,0,0,0,0,0,1,0,0,0,1,0,0,1,0,1,0,0,1,0
Odisha,NAYAGARH,S1240711,1,1,1,1,1,1,0,0,,0,0,0,1,0,0,0,1,0,0,0,1,0,0,1,0,1,0,0,1,0
Odisha,NAYAGARH,S1240712,1,1,1,0,1,1,0,0,,0,0,0,1,0,0,0,1,0,0,0,0,1,0,1,0,1,0,0,1,0
Odisha,NAYAGARH,S1240714,1,1,1,1,1,1,0,0,,0,1,0,0,0,0,0,1,0,0,0,1,0,0,1,0,1,0,0,1,0
Odisha,NAYAGARH,S1240715,1,0,1,1,1,1,0,0,,0,1,0,0,0,0,0,1,0,0,0,1,0,0,0,0,0,0,0,0,0
Odisha,NAYAGARH,S1240717,1,1,1,0,1,1,0,0,,0,1,0,0,0,0,0,1,0,0,0,1,0,0,1,0,1,0,0,1,0
Odisha,NAYAGARH,S1240718,1,1,1,1,1,1,0,0,,0,0,0,1,0,0,0,1,0,0,0,1,0,0,1,0,1,0,0,1,0
Odisha,NAYAGARH,S1240719,1,1,1,1,1,1,0,0,,0,0,0,1,0,0,0,1,0,0,0,1,0,0,1,0,1,0,0,1,0
Odisha,NAYAGARH,S1240720,1,1,1,1,1,1,0,0,,0,1,0,0,0,0,0,1,0,0,0,1,0,0,1,0,1,0,0,1,0
Odisha,NAYAGARH,S1240722,1,1,1,1,1,1,0,0,,0,1,0,0,0,0,0,1,0,0,0,1,0,0,1,0,1,0,0,1,0
Odisha,NAYAGARH,S1240723,1,1,1,0,1,1,0,0,,0,1,0,0,0,0,0,1,0,0,0,1,0,0,1,0,1,0,0,1,0
Odisha,NAYAGARH,S1240724,1,1,1,0,1,1,0,0,,0,1,0,0,0,0,0,1,0,0,0,1,0,0,1,0,1,0,0,1,0
Odisha,NAYAGARH,S1240725,1,1,1,1,1,1,0,0,,0,1,0,0,0,0,0,1,0,0,0,1,0,0,0,0,1,0,0,1,0
Odisha,NAYAGARH,S1240727,1,1,1,0,1,1,0,0,,1,0,0,0,0,0,0,1,0,0,0,1,0,0,1,0,1,0,0,1,0
Odisha,NAYAGARH,S1240730,1,1,1,0,1,1,0,0,,0,1,0,0,0,0,0,1,0,0,0,1,0,0,1,0,1,0,0,1,0
Odisha,NAYAGARH,S1240731,1,0,1,0,1,1,0,0,,1,0,0,0,0,0,0,1,0,0,0,1,0,0,0,0,0,0,0,0,0
Odisha,NAYAGARH,S1240733,1,0,1,0,1,1,0,0,,0,0,0,1,0,0,0,1,0,0,0,1,0,0,0,0,0,0,0,0,0
Odisha,NAYAGARH,S1240734,1,1,1,0,1,1,0,0,,0,1,0,0,0,0,0,1,0,0,0,1,0,0,0,0,1,0,0,1,0
Odisha,NAYAGARH,S1240736,1,1,1,0,1,1,0,0,,0,0,0,1,0,0,0,1,0,0,0,1,0,0,1,0,1,0,0,1,0
Odisha,NAYAGARH,S1240737,1,1,1,0,1,1,0,0,,0,0,0,1,0,0,0,1,0,0,0,1,0,0,0,0,1,0,0,1,0
Odisha,NAYAGARH,S1240738,1,1,1,0,1,1,0,0,,0,0,0,1,0,0,0,1,0,0,0,1,0,0,1,0,1,0,0,1,0
Odisha,NAYAGARH,S1240739,1,0,1,0,1,1,0,0,,0,0,0,1,0,0,0,1,0,0,0,1,0,0,0,0,0,0,0,0,0
Odisha,NAYAGARH,S1240740,1,1,1,1,1,1,0,0,,0,1,0,0,0,0,0,1,0,0,0,1,0,0,1,0,1,0,0,1,0
Odisha,NAYAGARH,S1240801,1,1,1,1,1,1,0,0,,0,1,0,0,0,0,0,1,0,0,0,1,0,0,1,0,1,0,0,1,0
Odisha,NAYAGARH,S1240802,1,1,1,0,1,1,0,0,,0,0,0,1,0,0,0,1,0,0,0,1,0,0,1,0,1,0,0,1,0
Odisha,NAYAGARH,S1240803,1,1,1,0,1,1,0,0,,0,1,0,0,0,0,0,1,0,0,0,1,0,0,1,0,0,0,0,0,0
Odisha,NAYAGARH,S1240805,1,1,1,0,1,1,0,0,,0,1,0,0,0,0,0,1,0,0,0,1,0,0,1,0,0,0,0,0,0
Odisha,NAYAGARH,S1240806,1,1,1,0,1,1,0,0,,0,0,0,1,0,0,0,1,0,0,0,1,0,0,1,0,1,0,0,1,0
Odisha,NAYAGARH,S1240807,1,1,1,1,1,1,0,0,,0,0,0,1,0,0,0,1,0,0,0,1,0,0,1,0,0,0,0,0,0
Odisha,NAYAGARH,S1240808,1,1,1,1,1,1,0,0,,0,1,0,0,0,0,0,1,0,0,0,1,0,0,1,0,1,0,0,1,0
Odisha,NAYAGARH,S1240809,1,1,1,0,1,1,0,0,,0,1,0,0,0,0,0,1,0,0,0,1,0,0,1,0,1,0,0,1,0
Odisha,NAYAGARH,S1240810,1,0,1,1,1,1,0,0,,0,0,0,1,0,0,0,1,0,0,0,1,0,0,0,0,0,0,0,0,0
Odisha,NAYAGARH,S1240811,1,1,1,1,1,1,0,0,,0,0,0,1,0,0,0,1,0,0,0,1,0,0,1,0,0,0,0,0,0
Odisha,NAYAGARH,S1240812,1,1,1,1,1,1,0,0,,0,0,0,1,0,0,0,0,1,0,0,1,0,0,1,0,1,0,0,1,0
Odisha,NAYAGARH,S1240813,1,1,1,1,1,1,0,0,,0,0,0,1,0,0,0,1,0,0,0,1,0,0,1,0,1,0,0,1,0
Odisha,NAYAGARH,S1240814,1,1,1,0,1,1,0,0,,0,0,0,1,0,0,0,1,0,0,0,1,0,0,1,0,1,0,0,1,0
Odisha,NAYAGARH,S1240815,1,1,1,0,1,1,0,0,,0,0,0,1,0,0,0,1,0,0,0,1,0,0,1,0,1,0,0,1,0
Odisha,NAYAGARH,S1240818,1,1,1,1,1,1,0,0,,0,0,0,1,0,0,0,1,0,0,0,1,0,0,1,0,1,0,1,0,0
Odisha,PURI,S1260108,1,0,1,1,1,1,0,0,,1,0,0,0,0,0,0,1,0,0,0,1,0,0,0,0,0,0,0,0,0
Odisha,PURI,S1260209,1,0,1,1,1,1,0,0,,1,0,0,0,0,0,0,1,0,0,0,1,0,0,0,0,0,0,0,0,0
Odisha,PURI,S1260211,1,1,1,1,1,1,0,0,,1,0,0,0,0,0,0,1,0,0,0,1,0,0,1,0,0,0,0,0,0
Odisha,PURI,S1260212,1,1,1,1,1,1,0,0,,1,0,0,0,0,0,0,1,0,0,0,1,0,0,1,0,1,0,1,0,0
Odisha,PURI,S1260215,1,0,1,1,1,1,0,0,,1,0,0,0,0,0,0,1,0,0,0,1,0,0,0,0,0,0,0,0,0
Odisha,PURI,S1260301,1,1,0,0,1,1,0,1,,0,1,0,0,0,0,0,1,0,0,0,1,0,0,1,0,1,0,0,1,0
Odisha,PURI,S1260302,1,0,0,1,1,1,0,0,,0,0,0,1,0,0,0,1,0,0,0,1,0,0,0,0,0,0,0,0,0
Odisha,PURI,S1260303,1,0,1,1,1,1,0,0,,1,0,0,0,0,0,0,1,0,0,0,1,0,0,0,0,0,0,0,0,0
Odisha,PURI,S1260306,1,1,1,1,1,1,0,1,,0,1,0,0,0,0,0,1,0,0,0,1,0,0,1,0,1,0,0,1,0
Odisha,PURI,S1260309,1,1,1,1,1,1,0,0,,0,0,0,1,0,0,0,1,0,0,0,1,0,0,0,0,0,0,1,0,0
Odisha,PURI,S1260312,1,1,0,0,1,1,0,0,,0,0,0,1,0,0,0,1,0,0,0,1,0,0,1,0,0,1,0,1,0
Odisha,PURI,S1260313,1,1,1,1,1,1,0,0,,1,0,0,0,0,0,0,1,0,0,0,1,0,0,1,0,1,0,0,1,0
Odisha,PURI,S1260317,1,0,1,1,1,1,0,0,,0,0,0,1,0,0,0,1,0,0,0,1,0,0,0,0,0,0,0,0,0
Odisha,PURI,S1260318,1,1,0,0,1,1,0,0,,1,0,0,0,0,0,0,1,0,0,0,1,0,0,0,0,0,0,0,1,0
Odisha,PURI,S1260322,1,0,1,0,1,1,0,0,,0,1,0,0,0,0,0,1,0,0,0,1,0,0,0,0,0,0,0,0,0
Odisha,PURI,S1260401,1,1,0,0,1,1,0,0,,0,0,0,1,0,0,0,1,0,0,1,0,0,0,0,0,1,0,0,1,0
Odisha,PURI,S1260402,1,1,1,0,1,1,0,1,,0,1,0,0,0,0,0,1,0,0,1,0,0,0,1,0,1,0,0,1,0
Odisha,PURI,S1260404,1,1,0,1,1,1,0,1,,1,0,0,0,0,0,0,1,0,0,0,1,0,0,1,1,1,0,1,1,0
Odisha,PURI,S1260405,1,1,1,1,1,1,0,0,,1,0,0,0,0,0,0,1,0,0,0,1,0,0,1,1,1,0,1,1,0
Odisha,PURI,S1260406,1,1,1,0,0,1,0,0,,1,0,0,0,0,0,0,1,0,0,1,0,0,0,1,1,1,0,1,1,0
Odisha,PURI,S1260409,1,0,1,1,1,1,0,0,,1,0,0,0,0,0,0,1,0,0,0,1,0,0,0,0,0,0,0,0,0
Odisha,PURI,S1260410,1,1,0,0,1,1,0,1,,0,0,0,1,0,0,0,1,0,0,1,0,0,0,0,0,1,0,0,1,0
Odisha,PURI,S1260412,1,0,1,1,1,1,0,0,,1,0,0,0,0,0,0,1,0,0,0,1,0,0,0,0,0,0,0,0,0
Odisha,PURI,S1260415,1,1,0,0,1,1,0,0,,0,0,0,1,0,0,0,1,0,0,1,0,0,0,1,0,1,0,0,1,0
Odisha,PURI,S1260416,1,1,1,1,0,1,0,0,,1,0,0,0,0,0,0,1,0,0,1,0,0,0,1,0,1,0,0,1,0
Odisha,PURI,S1260418,1,1,1,1,1,1,0,0,,0,1,0,0,0,0,0,1,0,0,0,1,0,0,1,1,1,0,1,1,0
Odisha,PURI,S1260420,1,0,1,1,1,1,0,0,,0,1,0,0,0,0,0,1,0,0,0,1,0,0,0,0,0,0,0,0,0
Odisha,PURI,S1260421,1,1,1,0,1,1,0,0,,1,0,0,0,0,0,0,1,0,0,1,0,0,0,1,1,1,0,1,1,0
Odisha,PURI,S1260422,1,1,0,0,1,1,0,0,,1,0,0,0,0,0,0,1,0,0,0,1,0,0,1,1,1,0,1,1,0
Odisha,PURI,S1260424,1,1,1,1,0,1,0,0,,0,1,0,0,0,0,0,1,0,0,1,0,0,0,1,0,1,0,0,1,0
Odisha,PURI,S1260426,1,0,0,1,1,1,0,0,,0,1,0,0,0,0,0,1,0,0,0,1,0,0,0,0,0,0,0,0,0
Odisha,PURI,S1260427,1,1,1,1,1,1,0,0,,1,0,0,0,0,0,0,1,0,0,0,1,0,0,1,1,1,0,1,1,0
Odisha,PURI,S1260501,1,1,1,0,0,1,0,0,,1,0,0,0,0,0,0,1,0,0,0,1,0,0,1,0,1,0,0,1,0
Odisha,PURI,S1260503,1,1,1,0,1,1,0,1,,0,1,0,0,0,0,0,1,0,0,1,0,0,0,1,0,0,0,0,0,0
Odisha,PURI,S1260504,1,0,1,1,1,1,0,0,,1,0,0,0,0,0,0,1,0,0,0,1,0,0,0,0,0,0,0,0,0
Odisha,PURI,S1260509,1,1,1,1,1,1,0,0,,0,0,0,1,0,0,0,1,0,0,0,1,0,0,1,0,1,0,0,1,0
Odisha,PURI,S1260516,1,0,1,1,1,1,0,0,,1,0,0,0,0,0,0,1,0,0,0,1,0,0,0,0,0,0,0,0,0
Odisha,PURI,S1260801,1,0,1,1,1,1,0,0,,0,0,0,1,0,0,0,1,0,0,0,1,0,0,0,0,0,0,0,0,0
Odisha,PURI,S1260802,1,0,1,1,1,1,0,0,,1,0,0,0,0,0,0,1,0,0,0,1,0,0,0,0,0,0,0,0,0
Odisha,PURI,S1260803,1,1,1,1,1,1,0,1,,0,1,0,0,0,0,0,1,0,0,0,1,0,0,1,0,1,1,0,1,0
Odisha,PURI,S1260804,1,0,1,0,1,1,0,0,,1,0,0,0,0,0,0,1,0,0,1,0,0,0,0,0,0,0,0,0,0
Odisha,PURI,S1260813,1,1,0,0,1,1,0,1,,0,0,0,1,0,0,0,1,0,0,1,0,0,0,1,0,1,0,0,1,0
Odisha,PURI,S1260814,1,1,0,0,1,1,0,0,,1,0,0,0,0,0,0,1,0,0,0,1,0,0,1,0,0,0,0,0,0
Odisha,PURI,S1260815,1,1,1,0,0,1,0,0,,0,0,0,1,0,0,0,1,0,0,0,1,0,0,1,0,0,0,0,0,0
Odisha,PURI,S1260816,1,0,1,0,1,1,0,0,,0,1,0,0,0,0,0,1,0,0,0,1,0,0,0,0,0,0,0,0,0
Odisha,PURI,S1260818,1,0,1,1,1,1,0,0,,1,0,0,0,0,0,0,1,0,0,0,1,0,0,0,0,0,0,0,0,0
Odisha,PURI,S1260819,1,0,1,1,1,1,0,0,,1,0,0,0,0,0,0,1,0,0,0,1,0,0,0,0,0,0,0,0,0
Odisha,PURI,S1260822,1,1,1,1,0,1,0,0,,0,0,0,1,0,0,0,1,0,0,0,1,0,0,1,0,0,0,0,0,0
Odisha,PURI,S1260823,1,0,0,0,0,1,0,0,,0,0,0,1,0,0,0,1,0,0,1,0,0,0,0,0,0,0,0,0,0
Odisha,PURI,S1260825,1,1,1,1,0,1,0,1,,0,0,0,1,0,0,0,1,0,0,0,1,0,0,1,0,1,0,0,1,0
Odisha,PURI,S1260828,1,1,1,0,1,1,0,0,,0,0,0,1,0,0,0,1,0,0,0,1,0,0,1,0,0,0,0,0,0
Odisha,PURI,S1260830,1,0,0,0,0,1,0,0,,0,0,0,1,0,0,0,1,0,0,1,0,0,0,0,0,0,0,0,0,0
Odisha,PURI,S1260901,1,1,1,0,1,1,0,0,,0,0,0,1,0,0,0,1,0,0,0,1,0,0,0,0,0,0,0,1,0
Odisha,PURI,S1260904,1,1,1,0,1,1,0,1,,0,0,0,1,0,0,0,1,0,0,0,1,0,0,1,1,1,0,1,1,0
Odisha,PURI,S1260905,1,0,1,1,1,1,0,1,,0,1,0,0,0,0,0,1,0,0,0,1,0,0,0,0,0,0,0,0,0
Odisha,PURI,S1260906,1,1,1,0,1,1,0,1,,0,0,0,1,0,0,0,1,0,0,1,0,0,0,0,0,0,1,0,1,0
Odisha,PURI,S1260907,1,0,1,0,0,1,0,1,,0,0,0,1,0,0,0,1,0,0,0,1,0,0,0,0,0,0,0,0,0
Odisha,PURI,S1260910,1,0,1,0,1,1,0,1,,1,0,0,0,0,0,0,1,0,0,0,1,0,0,0,0,0,0,0,0,0
Odisha,PURI,S1260911,1,1,1,0,1,1,0,1,,0,1,0,0,0,0,0,1,0,0,0,1,0,0,1,0,1,0,0,1,0
Odisha,PURI,S1260916,1,1,1,1,1,1,0,1,,0,0,0,1,0,0,0,1,0,0,0,1,0,0,1,1,1,0,1,1,0
Odisha,PURI,S1260917,1,1,1,0,1,1,0,1,,0,1,0,0,0,0,0,1,0,0,1,0,0,0,1,0,1,0,1,0,0
Odisha,PURI,S1261002,1,1,1,0,1,1,0,1,,0,1,0,0,0,0,0,1,0,0,0,1,0,0,1,0,1,0,0,0,0
Odisha,PURI,S1261004,1,1,1,0,1,1,0,1,,1,0,0,0,0,0,0,1,0,0,0,1,0,0,1,0,0,0,0,0,0
Odisha,PURI,S1261007,1,1,0,0,0,1,0,1,,0,0,0,1,0,0,0,1,0,0,0,1,0,0,0,0,1,0,0,1,0
Odisha,PURI,S1261105,1,0,1,1,1,1,0,0,,1,0,0,0,0,0,0,1,0,0,0,1,0,0,0,0,0,0,0,0,0
Odisha,PURI,S1261107,1,1,0,1,1,1,0,0,,0,0,0,1,0,0,0,1,0,0,0,1,0,0,1,0,1,0,1,0,0
Odisha,PURI,S1261108,1,1,1,1,1,1,0,0,,0,1,0,0,0,0,0,1,0,0,0,1,0,0,1,0,1,0,1,0,0
Odisha,PURI,S1261110,1,1,1,0,1,1,0,0,,0,1,0,0,0,0,0,1,0,0,0,1,0,0,1,0,1,0,1,0,0
Odisha,PURI,S1261301,1,1,1,1,1,1,0,0,,0,0,0,1,0,0,0,1,0,0,0,1,0,0,1,0,1,0,0,1,0
Odisha,ANGUL,S2010101,1,1,1,0,1,1,0,0,,0,1,0,0,0,0,0,1,0,0,0,1,0,0,1,0,0,0,0,0,0
Odisha,BHADRAK,S2040106,1,1,1,0,0,1,0,0,,0,1,0,0,0,0,0,1,0,0,0,1,0,0,1,0,1,0,0,0,0
Odisha,BHADRAK,S2040277,1,1,1,1,0,1,0,0,,0,0,0,1,0,0,0,1,0,0,0,1,0,0,0,1,1,0,0,0,0
Odisha,BHADRAK,S2040278,1,1,1,1,0,1,0,0,,0,1,0,0,0,0,0,1,0,0,0,1,0,0,1,1,1,0,0,1,0
Odisha,BHADRAK,S2040429,1,1,0,0,0,1,0,0,,0,1,0,0,0,0,0,1,0,0,1,0,0,0,0,0,0,1,0,1,0
Odisha,BHADRAK,S2040707,1,1,1,1,0,1,0,0,,0,1,0,0,0,0,0,1,0,0,0,1,0,0,1,0,0,0,0,0,0
Odisha,BHADRAK,S2040709,1,1,1,1,0,1,0,0,,0,0,0,1,0,0,0,1,0,0,0,1,0,0,1,1,1,0,0,0,0
Odisha,BHADRAK,S2040710,1,1,1,0,0,1,0,0,,0,0,0,1,0,0,0,1,0,0,1,0,0,0,1,1,1,0,0,0,0
Odisha,GANJAM,S2110136,1,1,0,0,0,1,0,0,,0,0,1,0,0,0,0,1,0,0,0,1,0,0,1,1,1,0,0,1,0
Odisha,GANJAM,S2110628,1,1,1,0,1,1,0,0,,0,0,0,1,0,0,0,1,0,0,0,1,0,0,1,0,1,0,0,0,0
Odisha,GANJAM,S2111027,1,1,0,1,0,1,1,0,,0,0,0,1,0,0,0,1,0,0,0,1,0,0,0,0,1,0,0,1,0
Odisha,GANJAM,S2112053,1,1,1,1,1,1,0,0,,0,0,0,1,0,0,0,1,0,0,1,0,0,0,1,0,1,0,0,1,0
Odisha,GANJAM,S2112054,1,1,1,1,1,1,0,0,,0,0,0,1,0,0,0,1,0,0,0,1,0,0,1,0,0,0,0,0,0
Odisha,GANJAM,S2112056,1,1,1,0,0,1,0,0,,0,1,0,0,0,0,0,1,0,0,0,1,0,0,1,0,1,0,0,1,0
Odisha,JAGATSINGHPUR,S2120402,1,1,1,1,0,1,0,0,,0,1,0,0,0,0,0,1,0,0,0,1,0,0,0,1,1,0,1,0,0
Odisha,JAGATSINGHPUR,S2120701,1,1,1,0,0,0,0,0,,0,0,0,1,0,0,0,1,0,0,0,1,0,0,0,0,1,0,1,0,1
,,,,,,,,,,,,,,,,,,,,,,,,,,,,,,,,
